FNTA	2339	KDM6A	7403	1
CDK9	1025	KDM6A	7403	1
CHEK1	1111	PRKDC	5591	1
CHEK1	1111	KMT2D	8085	1
FNTA	2339	PARP1	142	1
FNTA	2339	RRM2	6241	1
ARID2	196528	TSC1	7248	1
CDK9	1025	RRM2	6241	1
MAP2K1	5604	SMARCB1	6598	1
FNTA	2339	PRKDC	5591	1
ERBB2	2064	VEGFA	7422	1
KDM6A	7403	PARP1	142	1
CDK9	1025	IGF1R	3480	1
FNTA	2339	TSC1	7248	1
BTK	695	CHEK1	1111	1
CDK9	1025	WEE1	7465	1
CHEK1	1111	FNTA	2339	1
CDK9	1025	FLT3	2322	1
CDK9	1025	PIK3CA	5290	1
PRKDC	5591	RRM2	6241	1
ABL1	25	CHEK1	1111	1
CDK9	1025	FGFR2	2263	1
CDK9	1025	SMARCA4	6597	1
CDKN1B	1027	CHEK1	1111	1
PIK3R1	5295	SMARCB1	6598	1
CHEK1	1111	RRM2	6241	1
PARP1	142	RRM2	6241	1
PARP1	142	PDGFRA	5156	1
ARID2	196528	CHEK1	1111	1
PARP1	142	VEGFA	7422	1
CDK9	1025	FNTA	2339	1
BRCA2	675	FNTA	2339	1
ATM	472	SETD2	29072	1
MAP2K1	5604	PIK3R1	5295	1
CHEK1	1111	SRC	6714	1
CDKN1B	1027	PRKDC	5591	1
ALK	238	PRKDC	5591	1
SETD2	29072	SMARCA4	6597	1
ATM	472	FNTA	2339	1
CDKN2A	1029	FNTA	2339	1
CDK9	1025	CHEK1	1111	1
ABL1	25	SMARCB1	6598	1
CHEK1	1111	NF1	4763	1
CDK9	1025	TSC1	7248	1
IGF1R	3480	VHL	7428	1
CHEK1	1111	KIT	3815	1
CDK9	1025	PBRM1	55193	1
PRKDC	5591	VHL	7428	1
CDK9	1025	MSH6	2956	1
CHEK1	1111	VEGFA	7422	1
FNTA	2339	PIK3R1	5295	1
JAK2	3717	PTEN	5728	1
CHEK1	1111	ERBB2	2064	1
CHEK1	1111	WEE1	7465	1
PIK3R1	5295	RRM2	6241	1
ALK	238	CHEK1	1111	1
ATM	472	CDK9	1025	1
CHEK1	1111	IGF1R	3480	1
PARP1	142	PRKDC	5591	1
CDK9	1025	CDKN1B	1027	1
PIK3R1	5295	RUNX1	861	1
CHEK1	1111	FLT3	2322	1
BRCA2	675	SMARCB1	6598	1
FNTA	2339	PTEN	5728	1
IGF1R	3480	RRM2	6241	1
PARP1	142	PIK3R1	5295	1
HDAC6	10013	SETD2	29072	1
CHEK2	11200	PRKDC	5591	1
CHEK1	1111	MAP2K1	5604	1
FGFR3	2261	FNTA	2339	1
FLT3	2322	PDGFRA	5156	1
CHEK2	11200	SMARCB1	6598	1
CHEK1	1111	TSC1	7248	1
GATA3	2625	IGF1R	3480	1
ADA	100	CHEK1	1111	1
CHEK1	1111	SETD2	29072	1
FNTA	2339	SMO	6608	1
BRCA2	675	SMAD4	4089	1
CDK4	1019	RRM2	6241	1
IGF1R	3480	SETD2	29072	1
TSC1	7248	TYMS	7298	1
FGFR2	2263	SRC	6714	1
APC	324	CHEK1	1111	1
HDAC2	3066	SMARCB1	6598	1
CDK9	1025	PIK3R1	5295	1
ARID2	196528	CHEK2	11200	1
ARID1A	8289	RRM2	6241	1
CDK9	1025	PARP1	142	1
CDK9	1025	SETD2	29072	1
CHEK1	1111	RUNX1	861	1
CDK9	1025	MAP3K1	4214	1
FNTA	2339	TYMS	7298	1
KDM6A	7403	KIT	3815	1
AKT1	207	CDK9	1025	1
CHEK1	1111	SMARCB1	6598	1
CDK4	1019	CDK9	1025	1
CHEK1	1111	SMAD4	4089	1
FGFR2	2263	WEE1	7465	1
CDK9	1025	DHFR	1719	1
CHEK1	1111	HDAC2	3066	1
KDM6A	7403	RRM2	6241	1
FNTA	2339	MLH1	4292	1
FGFR2	2263	SMARCB1	6598	1
FNTA	2339	RUNX1	861	1
HDAC6	10013	SMARCB1	6598	1
ABL1	25	IGF1R	3480	1
MAP2K1	5604	MAP3K1	4214	1
PBRM1	55193	PRKDC	5591	1
ERBB2	2064	FGFR3	2261	1
SMARCB1	6598	VEGFA	7422	1
FNTA	2339	VEGFA	7422	1
NF1	4763	PIK3R1	5295	1
CDH1	999	PRKDC	5591	1
RRM2	6241	SRC	6714	1
MSH6	2956	SMARCB1	6598	1
PDGFRA	5156	RPS6KB1	6198	1
FNTA	2339	SETD2	29072	1
FNTA	2339	NF1	4763	1
PBRM1	55193	PDGFRA	5156	1
KMT2D	8085	SETD2	29072	1
FNTA	2339	IGF1R	3480	1
CDKN1B	1027	SRC	6714	1
IGF1R	3480	SMARCB1	6598	1
ARID2	196528	PRKDC	5591	1
ARID2	196528	PTEN	5728	1
PIK3CA	5290	PRKDC	5591	1
ADA	100	TSC1	7248	1
ATM	472	PBRM1	55193	1
CDK9	1025	VHL	7428	1
PARP1	142	SMAD4	4089	1
CDK4	1019	FNTA	2339	1
AKT1	207	FNTA	2339	1
CDK9	1025	PDGFRA	5156	1
CHEK1	1111	MAP3K1	4214	1
DHFR	1719	RRM2	6241	1
CDK9	1025	SMARCB1	6598	1
IGF1R	3480	RUNX1	861	1
HDAC2	3066	TSC1	7248	1
PARP1	142	PIK3CA	5290	1
ATM	472	WEE1	7465	1
CHEK1	1111	PIK3CA	5290	1
CDK9	1025	SRC	6714	1
ATM	472	IGF1R	3480	1
NF1	4763	SMARCA4	6597	1
BRCA2	675	CASP8	841	1
ABL1	25	TYMS	7298	1
BRCA2	675	NF1	4763	1
CHEK1	1111	HDAC6	10013	1
DHFR	1719	FNTA	2339	1
FNTA	2339	PIK3CA	5290	1
ATM	472	CHEK1	1111	1
FGFR3	2261	TSC1	7248	1
CDK9	1025	RUNX1	861	1
FNTA	2339	HDAC6	10013	1
IGF1R	3480	PRKDC	5591	1
ERBB2	2064	IGF1R	3480	1
RRM2	6241	RUNX1	861	1
FNTA	2339	KMT2D	8085	1
CDK9	1025	NF1	4763	1
MET	4233	SMARCB1	6598	1
KDM6A	7403	PIK3R1	5295	1
MLH1	4292	VEGFA	7422	1
FLT3	2322	FNTA	2339	1
CASP8	841	FNTA	2339	1
PBRM1	55193	PIK3CA	5290	1
ARID2	196528	CDK9	1025	1
DHFR	1719	RPS6KB1	6198	1
IGF1R	3480	PDGFRA	5156	1
CDKN2A	1029	RRM2	6241	1
KIT	3815	PARP1	142	1
PDGFRA	5156	VEGFA	7422	1
ABL1	25	CDK9	1025	1
CDK9	1025	CDKN2A	1029	1
CASP8	841	CHEK1	1111	1
CDK9	1025	PTEN	5728	1
SMAD4	4089	TSC1	7248	1
PBRM1	55193	SMARCB1	6598	1
FNTA	2339	MAP3K1	4214	1
SRC	6714	VEGFA	7422	1
NF1	4763	VEGFA	7422	1
FNTA	2339	SMARCB1	6598	1
KIT	3815	PIK3R1	5295	1
PIK3R1	5295	TSC1	7248	1
NF1	4763	RRM2	6241	1
CHEK1	1111	FGFR3	2261	1
EGFR	1956	FNTA	2339	1
BCL2	596	CDK9	1025	1
CHEK1	1111	SMARCA4	6597	1
ADA	100	PIK3R1	5295	1
NF1	4763	TSC1	7248	1
SMARCA4	6597	TSC1	7248	1
CDK4	1019	SRC	6714	1
MAP3K1	4214	WEE1	7465	1
HDAC2	3066	JAK2	3717	1
SETD2	29072	TYMS	7298	1
CDKN1B	1027	DHFR	1719	1
PDGFRA	5156	PTEN	5728	1
CDK9	1025	VEGFA	7422	1
IGF1R	3480	PIK3CA	5290	1
ABL1	25	TSC1	7248	1
MSH6	2956	PRKDC	5591	1
KDM6A	7403	SMARCB1	6598	1
ARID1A	8289	BRCA1	672	1
BRCA1	672	SRC	6714	1
DHFR	1719	KDM6A	7403	1
BRCA1	672	PDGFRA	5156	1
MAP2K1	5604	RRM2	6241	1
BRCA2	675	PARP1	142	1
ADA	100	IGF1R	3480	1
CASP8	841	SMARCB1	6598	1
BRCA1	672	FLT3	2322	1
CDK9	1025	CHEK2	11200	1
IGF1R	3480	PARP1	142	1
ARID1A	8289	CHEK1	1111	1
HDAC1	3065	TSC1	7248	1
JAK2	3717	TSC1	7248	1
AKT1	207	CHEK1	1111	1
KDM6A	7403	PDGFRA	5156	1
PRKDC	5591	SMO	6608	1
CHEK1	1111	SMO	6608	1
DHFR	1719	PRKDC	5591	1
ALK	238	TSC1	7248	1
FLT3	2322	HDAC2	3066	1
SMARCB1	6598	TSC1	7248	1
APC	324	PARP1	142	1
CDK6	1021	SMARCB1	6598	1
CDK9	1025	MAP2K1	5604	1
PBRM1	55193	VEGFA	7422	1
ATM	472	NF1	4763	1
CHEK1	1111	KDM6A	7403	1
FNTA	2339	TP53	7157	1
PIK3R1	5295	SMO	6608	1
CDK9	1025	ROR1	4919	1
TSC1	7248	VEGFA	7422	1
ARID2	196528	RRM2	6241	1
CDK6	1021	CDK9	1025	1
TYMS	7298	WEE1	7465	1
ATM	472	PARP1	142	1
BTK	695	PIK3R1	5295	1
PRKDC	5591	VEGFA	7422	1
BRCA2	675	RUNX1	861	1
ATM	472	SMARCB1	6598	1
CHEK2	11200	ERBB2	2064	1
SETD2	29072	SMARCB1	6598	1
ABL1	25	PBRM1	55193	1
CDK9	1025	HDAC6	10013	1
CHEK2	11200	RRM2	6241	1
IGF1R	3480	SMAD4	4089	1
CDK9	1025	HDAC2	3066	1
KDM6A	7403	SMAD4	4089	1
HSP90AA1	3320	VEGFA	7422	1
CDK9	1025	SMO	6608	1
BTK	695	PBRM1	55193	1
CDKN1B	1027	PBRM1	55193	1
ALK	238	CDK9	1025	1
BTK	695	SMARCB1	6598	1
KMT2D	8085	PRKDC	5591	1
BCL2	596	TSC1	7248	1
KMT2D	8085	SMARCB1	6598	1
MAP3K1	4214	VEGFA	7422	1
PIK3CA	5290	SETD2	29072	1
FNTA	2339	WEE1	7465	1
EGFR	1956	KMT2D	8085	0
EGFR	1956	KIT	3815	0
EGFR	1956	SMAD4	4089	0
EGFR	1956	PBRM1	55193	0
EGFR	1956	NF1	4763	0
APC	324	RRM2	6241	0
APC	324	NF1	4763	0
APC	324	ERBB2	2064	0
APC	324	HDAC2	3066	0
CDK4	1019	EGFR	1956	0
EGFR	1956	KDM6A	7403	0
APC	324	MET	4233	0
CDK6	1021	EGFR	1956	0
CDKN1B	1027	EGFR	1956	0
HDAC2	3066	MET	4233	0
APC	324	FGFR2	2263	0
FGFR2	2263	RB1	5925	0
ERBB2	2064	MLH1	4292	0
MET	4233	VHL	7428	0
MLH1	4292	VHL	7428	0
EGFR	1956	TYMS	7298	0
APC	324	HSP90AA1	3320	0
BRCA2	675	RB1	5925	0
APC	324	CASP8	841	0
APC	324	TYMS	7298	0
KDM5C	8242	RB1	5925	0
APC	324	VHL	7428	0
ADA	100	BRAF	673	0
HDAC1	3065	MLH1	4292	0
ALK	238	MET	4233	0
MAP3K1	4214	TP53	7157	0
RB1	5925	SMAD4	4089	0
ADA	100	RUNX1	861	0
FGFR3	2261	TOP1	7150	0
BCL2	596	SRC	6714	0
MAP3K1	4214	TOP1	7150	0
ADA	100	NF1	4763	0
ADA	100	PTEN	5728	0
APC	324	MAP2K1	5604	0
EGFR	1956	MSH6	2956	0
BRCA1	672	RB1	5925	0
KIT	3815	ROR1	4919	0
ARID2	196528	EGFR	1956	0
FLT3	2322	HSP90AA1	3320	0
BTK	695	TP53	7157	0
PRKDC	5591	TP53	7157	0
HDAC2	3066	TOP1	7150	0
ARID1A	8289	CDH1	999	0
RB1	5925	SMO	6608	0
HSP90AA1	3320	MAP2K1	5604	0
AKT1	207	HSP90AA1	3320	0
BCL2	596	NF1	4763	0
EGFR	1956	TP53	7157	0
MET	4233	TSC1	7248	0
HDAC6	10013	RB1	5925	0
HSP90AA1	3320	RB1	5925	0
HSP90AA1	3320	VHL	7428	0
ERBB2	2064	PTEN	5728	0
FGFR3	2261	PTEN	5728	0
BCL2	596	HDAC6	10013	0
RB1	5925	TSC1	7248	0
ROR1	4919	TP53	7157	0
MET	4233	ROR1	4919	0
CDH1	999	TOP1	7150	0
DHFR	1719	EGFR	1956	0
BTK	695	CDH1	999	0
CDKN1B	1027	HSP90AA1	3320	0
SMARCA4	6597	SRC	6714	0
ALK	238	KIT	3815	0
ABL1	25	EGFR	1956	0
ARID1A	8289	EGFR	1956	0
AKT1	207	GATA3	2625	0
ATM	472	HSP90AA1	3320	0
HDAC1	3065	HSP90AA1	3320	0
BCL2	596	EGFR	1956	0
MAP3K1	4214	PTEN	5728	0
BRAF	673	MAP2K1	5604	0
BTK	695	EGFR	1956	0
KIT	3815	SMO	6608	0
KIT	3815	MSH6	2956	0
ARID2	196528	CDH1	999	0
BCL2	596	PTEN	5728	0
ADA	100	CDK6	1021	0
ABL1	25	HSP90AA1	3320	0
KMT2D	8085	MET	4233	0
BRAF	673	PIK3CA	5290	0
BRAF	673	FLT3	2322	0
MET	4233	MLH1	4292	0
BTK	695	KIT	3815	0
CDH1	999	ERBB2	2064	0
PTEN	5728	TSC1	7248	0
HDAC6	10013	SRC	6714	0
CASP8	841	GATA3	2625	0
MET	4233	TOP1	7150	0
SMARCA4	6597	TOP1	7150	0
APC	324	CDK6	1021	0
EGFR	1956	TSC1	7248	0
BCL2	596	BTK	695	0
GATA3	2625	RPS6KB1	6198	0
CDH1	999	MET	4233	0
ROR1	4919	SMARCA4	6597	0
BRAF	673	HDAC1	3065	0
MAP2K1	5604	ROR1	4919	0
BRD4	23476	MET	4233	0
ERBB2	2064	HSP90AA1	3320	0
HSP90AA1	3320	WEE1	7465	0
BCL2	596	HDAC1	3065	0
CDK4	1019	HSP90AA1	3320	0
CDH1	999	RPS6KB1	6198	0
KDM6A	7403	TP53	7157	0
HSP90AA1	3320	MSH6	2956	0
CDH1	999	MTOR	2475	0
CDH1	999	CDKN2A	1029	0
GATA3	2625	HSP90AA1	3320	0
BRCA1	672	MAP3K1	4214	0
FNTA	2339	RB1	5925	0
BCL2	596	WEE1	7465	0
CDH1	999	FGFR2	2263	0
BRCA1	672	CDKN2A	1029	0
RB1	5925	VEGFA	7422	0
GATA3	2625	SRC	6714	0
PTEN	5728	WEE1	7465	0
HDAC6	10013	RPS6KB1	6198	0
HSP90AA1	3320	NF1	4763	0
CDK4	1019	CDKN2A	1029	0
BCL2	596	PDGFRA	5156	0
BCL2	596	PRKDC	5591	0
IGF1R	3480	RB1	5925	0
TOP1	7150	TP53	7157	0
HSP90AA1	3320	SETD2	29072	0
ADA	100	MET	4233	0
ADA	100	AKT1	207	0
BRAF	673	VHL	7428	0
PBRM1	55193	ROR1	4919	0
BRD4	23476	TOP1	7150	0
MLH1	4292	TOP1	7150	0
KDM5C	8242	MLH1	4292	0
ALK	238	SRC	6714	0
FGFR3	2261	KDM5C	8242	0
BRAF	673	CDKN1B	1027	0
ROR1	4919	VHL	7428	0
BRAF	673	KIT	3815	0
BRAF	673	KDM5C	8242	0
BRAF	673	BRCA2	675	0
CDK4	1019	VHL	7428	0
RB1	5925	WEE1	7465	0
BCL2	596	CDK4	1019	0
ARID1A	8289	MET	4233	0
MSH6	2956	TYMS	7298	0
ERBB2	2064	RB1	5925	0
APC	324	KDM6A	7403	0
BCL2	596	MAP2K1	5604	0
BTK	695	MTOR	2475	0
KMT2D	8085	MAP3K1	4214	0
PBRM1	55193	TOP1	7150	0
EGFR	1956	ROR1	4919	0
ROR1	4919	SETD2	29072	0
FGFR3	2261	MSH6	2956	0
BRAF	673	PBRM1	55193	0
ABL1	25	BCL2	596	0
HSP90AA1	3320	PBRM1	55193	0
APC	324	BRCA2	675	0
CDK6	1021	ROR1	4919	0
FNTA	2339	MSH6	2956	0
BCL2	596	BRAF	673	0
KDM5C	8242	VHL	7428	0
ROR1	4919	WEE1	7465	0
AKT1	207	SRC	6714	0
AKT1	207	PTEN	5728	0
ALK	238	CDH1	999	0
HSP90AA1	3320	SMARCA4	6597	0
BRCA1	672	ROR1	4919	0
BRD4	23476	ROR1	4919	0
FLT3	2322	KIT	3815	0
KIT	3815	VHL	7428	0
MSH6	2956	PTEN	5728	0
MET	4233	PIK3R1	5295	0
BRAF	673	ROR1	4919	0
BRAF	673	CASP8	841	0
EGFR	1956	MLH1	4292	0
CDKN2A	1029	EGFR	1956	0
ABL1	25	RB1	5925	0
ATM	472	BRCA1	672	0
BRCA1	672	MLH1	4292	0
HDAC1	3065	TP53	7157	0
BCL2	596	MSH6	2956	0
APC	324	EGFR	1956	0
CDKN2A	1029	PDGFRA	5156	0
ABL1	25	APC	324	0
ADA	100	HDAC1	3065	0
ARID2	196528	BCL2	596	0
MAP3K1	4214	MET	4233	0
BTK	695	MAP3K1	4214	0
ERBB2	2064	VHL	7428	0
MAP3K1	4214	SMAD4	4089	0
CDK4	1019	PTEN	5728	0
ATM	472	BCL2	596	0
ADA	100	VHL	7428	0
HSP90AA1	3320	RPS6KB1	6198	0
APC	324	BRAF	673	0
BCL2	596	MLH1	4292	0
HDAC2	3066	MTOR	2475	0
HDAC6	10013	ROR1	4919	0
BRAF	673	GATA3	2625	0
CDK4	1019	SMO	6608	0
ADA	100	MSH6	2956	0
BRCA2	675	EGFR	1956	0
BTK	695	ERBB2	2064	0
HDAC2	3066	MAP3K1	4214	0
CDKN1B	1027	RB1	5925	0
PTEN	5728	RUNX1	861	0
KDM5C	8242	RPS6KB1	6198	0
CDK6	1021	SMO	6608	0
BTK	695	HSP90AA1	3320	0
CDKN1B	1027	RPS6KB1	6198	0
PIK3CA	5290	TOP1	7150	0
EGFR	1956	KDM5C	8242	0
CDK4	1019	HDAC2	3066	0
BRCA1	672	MTOR	2475	0
CDKN1B	1027	MLH1	4292	0
BRAF	673	BRCA1	672	0
APC	324	BRCA1	672	0
CHEK2	11200	PIK3CA	5290	0
ALK	238	BRAF	673	0
EGFR	1956	GATA3	2625	0
ADA	100	MAP3K1	4214	0
ARID1A	8289	BRD4	23476	0
CHEK1	1111	JAK2	3717	0
BRD4	23476	PRKDC	5591	0
CDH1	999	RB1	5925	0
CASP8	841	EGFR	1956	0
KIT	3815	SMARCA4	6597	0
MTOR	2475	PTEN	5728	0
CDK6	1021	MLH1	4292	0
MET	4233	RPS6KB1	6198	0
CDK4	1019	NF1	4763	0
CDK6	1021	MTOR	2475	0
BRAF	673	RPS6KB1	6198	0
APC	324	IGF1R	3480	0
BRAF	673	PARP1	142	0
HDAC1	3065	MAP3K1	4214	0
CASP8	841	TOP1	7150	0
MLH1	4292	MSH6	2956	0
EGFR	1956	MTOR	2475	0
ADA	100	BTK	695	0
BRAF	673	JAK2	3717	0
HSP90AA1	3320	SMO	6608	0
MTOR	2475	TOP1	7150	0
FGFR2	2263	PIK3R1	5295	0
BCL2	596	CASP8	841	0
BTK	695	RPS6KB1	6198	0
ARID1A	8289	TP53	7157	0
CDKN1B	1027	JAK2	3717	0
KIT	3815	WEE1	7465	0
MLH1	4292	PIK3CA	5290	0
CDKN2A	1029	SMARCA4	6597	0
BRD4	23476	KIT	3815	0
EGFR	1956	FGFR2	2263	0
BCL2	596	VHL	7428	0
ADA	100	FGFR2	2263	0
MET	4233	PIK3CA	5290	0
CDKN2A	1029	KMT2D	8085	0
HDAC2	3066	KIT	3815	0
CDH1	999	FLT3	2322	0
HDAC1	3065	ROR1	4919	0
MET	4233	TP53	7157	0
BRD4	23476	SETD2	29072	0
ALK	238	ERBB2	2064	0
AKT1	207	MLH1	4292	0
FGFR2	2263	MLH1	4292	0
FGFR3	2261	HSP90AA1	3320	0
FLT3	2322	KDM5C	8242	0
HDAC1	3065	RB1	5925	0
HDAC1	3065	PIK3CA	5290	0
BRD4	23476	VHL	7428	0
ALK	238	PDGFRA	5156	0
APC	324	HDAC1	3065	0
MLH1	4292	WEE1	7465	0
EGFR	1956	FGFR3	2261	0
CDKN2A	1029	WEE1	7465	0
CDKN2A	1029	HDAC6	10013	0
ALK	238	CDK4	1019	0
PIK3CA	5290	RB1	5925	0
APC	324	BCL2	596	0
BRD4	23476	KMT2D	8085	0
ARID1A	8289	GATA3	2625	0
BCL2	596	CDH1	999	0
CASP8	841	HSP90AA1	3320	0
BTK	695	ROR1	4919	0
BRAF	673	MET	4233	0
ARID1A	8289	MAP2K1	5604	0
PDGFRA	5156	SMAD4	4089	0
MLH1	4292	PBRM1	55193	0
FNTA	2339	KIT	3815	0
ATM	472	RPS6KB1	6198	0
BRD4	23476	CDH1	999	0
BRCA2	675	HSP90AA1	3320	0
BRD4	23476	CASP8	841	0
FGFR2	2263	TSC1	7248	0
HDAC2	3066	ROR1	4919	0
ALK	238	SMO	6608	0
EGFR	1956	MET	4233	0
AKT1	207	ERBB2	2064	0
ABL1	25	MAP3K1	4214	0
CDH1	999	KDM6A	7403	0
AKT1	207	VHL	7428	0
SMARCB1	6598	TOP1	7150	0
FLT3	2322	ROR1	4919	0
BRCA1	672	KMT2D	8085	0
AKT1	207	MET	4233	0
ARID1A	8289	SRC	6714	0
EGFR	1956	WEE1	7465	0
CDK4	1019	PIK3CA	5290	0
CHEK2	11200	KMT2D	8085	0
HDAC1	3065	MAP2K1	5604	0
TOP1	7150	TYMS	7298	0
APC	324	JAK2	3717	0
BCL2	596	SMARCA4	6597	0
EGFR	1956	RPS6KB1	6198	0
CASP8	841	MSH6	2956	0
ABL1	25	CDKN2A	1029	0
BRD4	23476	PARP1	142	0
HSP90AA1	3320	MET	4233	0
APC	324	ARID2	196528	0
AKT1	207	CDH1	999	0
EGFR	1956	HDAC1	3065	0
ABL1	25	FGFR2	2263	0
KDM6A	7403	RB1	5925	0
MSH6	2956	ROR1	4919	0
ADA	100	KDM5C	8242	0
CDH1	999	KMT2D	8085	0
APC	324	CDKN2A	1029	0
CDK4	1019	ROR1	4919	0
BRAF	673	CDK6	1021	0
ADA	100	RB1	5925	0
BRAF	673	BTK	695	0
ERBB2	2064	TSC1	7248	0
FGFR2	2263	GATA3	2625	0
FGFR3	2261	SETD2	29072	0
HDAC2	3066	MLH1	4292	0
CASP8	841	CDKN2A	1029	0
ARID1A	8289	KMT2D	8085	0
BRAF	673	CDKN2A	1029	0
BRD4	23476	TP53	7157	0
CDKN2A	1029	TOP1	7150	0
EGFR	1956	RUNX1	861	0
BRCA2	675	JAK2	3717	0
EGFR	1956	SMARCA4	6597	0
ADA	100	GATA3	2625	0
MAP2K1	5604	VHL	7428	0
APC	324	MSH6	2956	0
CDH1	999	CDKN1B	1027	0
MAP2K1	5604	PIK3CA	5290	0
ARID2	196528	KDM5C	8242	0
ADA	100	CDKN1B	1027	0
BRCA2	675	MAP3K1	4214	0
ABL1	25	KDM5C	8242	0
HDAC6	10013	KIT	3815	0
KIT	3815	RB1	5925	0
CHEK1	1111	MSH6	2956	0
ARID1A	8289	KDM6A	7403	0
ATM	472	MET	4233	0
CDKN2A	1029	CHEK1	1111	0
ADA	100	BCL2	596	0
CDK4	1019	SMAD4	4089	0
HDAC1	3065	WEE1	7465	0
HSP90AA1	3320	KDM5C	8242	0
KIT	3815	NF1	4763	0
BRAF	673	TOP1	7150	0
CDKN2A	1029	MLH1	4292	0
HDAC1	3065	PTEN	5728	0
ALK	238	MLH1	4292	0
CDH1	999	MSH6	2956	0
JAK2	3717	TOP1	7150	0
KDM6A	7403	ROR1	4919	0
HDAC6	10013	MLH1	4292	0
ADA	100	PARP1	142	0
MAP2K1	5604	MTOR	2475	0
AKT1	207	ROR1	4919	0
KDM6A	7403	MLH1	4292	0
CDKN1B	1027	HDAC1	3065	0
ALK	238	ROR1	4919	0
KDM5C	8242	SETD2	29072	0
CDK4	1019	TYMS	7298	0
BRAF	673	HDAC6	10013	0
CDH1	999	PBRM1	55193	0
CASP8	841	TP53	7157	0
BRAF	673	HDAC2	3066	0
BRCA1	672	FNTA	2339	0
FGFR3	2261	ROR1	4919	0
ADA	100	ERBB2	2064	0
MET	4233	MSH6	2956	0
BTK	695	FGFR2	2263	0
HDAC6	10013	MAP2K1	5604	0
MSH6	2956	SMARCA4	6597	0
BTK	695	JAK2	3717	0
FGFR2	2263	PIK3CA	5290	0
APC	324	KIT	3815	0
ABL1	25	BRD4	23476	0
CDH1	999	GATA3	2625	0
JAK2	3717	RB1	5925	0
FGFR3	2261	KIT	3815	0
GATA3	2625	KDM5C	8242	0
MTOR	2475	RRM2	6241	0
ALK	238	BRD4	23476	0
ROR1	4919	RPS6KB1	6198	0
ARID2	196528	MSH6	2956	0
HDAC1	3065	SMO	6608	0
ARID1A	8289	RB1	5925	0
TP53	7157	VHL	7428	0
BTK	695	HDAC1	3065	0
MET	4233	NF1	4763	0
BRCA1	672	NF1	4763	0
AKT1	207	FGFR3	2261	0
ARID1A	8289	CDK4	1019	0
MSH6	2956	TP53	7157	0
FGFR3	2261	KMT2D	8085	0
JAK2	3717	NF1	4763	0
ARID1A	8289	ARID2	196528	0
ROR1	4919	SMAD4	4089	0
JAK2	3717	MLH1	4292	0
HDAC2	3066	HDAC6	10013	0
ADA	100	FGFR3	2261	0
MLH1	4292	ROR1	4919	0
KMT2D	8085	MAP2K1	5604	0
HDAC2	3066	NF1	4763	0
KDM5C	8242	PBRM1	55193	0
DHFR	1719	MAP3K1	4214	0
KDM6A	7403	KMT2D	8085	0
CDKN2A	1029	KDM6A	7403	0
HDAC1	3065	KDM5C	8242	0
JAK2	3717	PBRM1	55193	0
CDKN2A	1029	MAP2K1	5604	0
PBRM1	55193	RPS6KB1	6198	0
SMAD4	4089	SRC	6714	0
AKT1	207	RPS6KB1	6198	0
HDAC1	3065	KMT2D	8085	0
CDK6	1021	ERBB2	2064	0
CDH1	999	CHEK2	11200	0
HDAC6	10013	JAK2	3717	0
MLH1	4292	TSC1	7248	0
CHEK2	11200	PTEN	5728	0
CDKN1B	1027	KMT2D	8085	0
HSP90AA1	3320	PRKDC	5591	0
KMT2D	8085	SMAD4	4089	0
ARID1A	8289	BCL2	596	0
BRAF	673	MTOR	2475	0
MAP3K1	4214	TSC1	7248	0
MLH1	4292	SMO	6608	0
MSH6	2956	NF1	4763	0
KIT	3815	RUNX1	861	0
ADA	100	EGFR	1956	0
CASP8	841	PTEN	5728	0
MET	4233	SRC	6714	0
MAP2K1	5604	PTEN	5728	0
ALK	238	GATA3	2625	0
AKT1	207	HDAC2	3066	0
BTK	695	PDGFRA	5156	0
KMT2D	8085	NF1	4763	0
GATA3	2625	RUNX1	861	0
ADA	100	TYMS	7298	0
BRCA2	675	CDK4	1019	0
BRD4	23476	MAP3K1	4214	0
FLT3	2322	PTEN	5728	0
BRD4	23476	RRM2	6241	0
KDM6A	7403	SETD2	29072	0
BRAF	673	HSP90AA1	3320	0
ADA	100	KDM6A	7403	0
ABL1	25	ARID2	196528	0
IGF1R	3480	KIT	3815	0
CASP8	841	CDKN1B	1027	0
ALK	238	CDKN2A	1029	0
SMO	6608	TP53	7157	0
ALK	238	CASP8	841	0
ADA	100	SMO	6608	0
ARID1A	8289	CDKN2A	1029	0
ADA	100	CASP8	841	0
PIK3R1	5295	ROR1	4919	0
IGF1R	3480	TOP1	7150	0
GATA3	2625	TP53	7157	0
SETD2	29072	TP53	7157	0
ABL1	25	CDK6	1021	0
BTK	695	CDKN2A	1029	0
GATA3	2625	KIT	3815	0
PDGFRA	5156	VHL	7428	0
CDKN1B	1027	HDAC2	3066	0
BCL2	596	PIK3R1	5295	0
GATA3	2625	ROR1	4919	0
CDKN2A	1029	HDAC2	3066	0
SETD2	29072	SMO	6608	0
HDAC2	3066	KDM6A	7403	0
EGFR	1956	SMO	6608	0
FLT3	2322	TOP1	7150	0
PDGFRA	5156	PIK3CA	5290	0
ERBB2	2064	TYMS	7298	0
ERBB2	2064	PBRM1	55193	0
ABL1	25	KDM6A	7403	0
KDM6A	7403	NF1	4763	0
KDM6A	7403	RUNX1	861	0
BRAF	673	SMAD4	4089	0
BTK	695	CHEK2	11200	0
CDH1	999	MAP3K1	4214	0
BCL2	596	MTOR	2475	0
CDK6	1021	RUNX1	861	0
KDM5C	8242	PARP1	142	0
FGFR2	2263	KMT2D	8085	0
KDM6A	7403	PIK3CA	5290	0
JAK2	3717	MTOR	2475	0
CDH1	999	HDAC6	10013	0
PTEN	5728	RB1	5925	0
BRAF	673	TYMS	7298	0
BCL2	596	FGFR3	2261	0
MTOR	2475	PIK3CA	5290	0
MTOR	2475	SMAD4	4089	0
CASP8	841	HDAC1	3065	0
MSH6	2956	WEE1	7465	0
NF1	4763	VHL	7428	0
AKT1	207	BTK	695	0
DHFR	1719	WEE1	7465	0
AKT1	207	BCL2	596	0
HDAC6	10013	TOP1	7150	0
HDAC1	3065	PARP1	142	0
BRAF	673	RRM2	6241	0
HDAC1	3065	MSH6	2956	0
ADA	100	CDK4	1019	0
CDKN1B	1027	VHL	7428	0
BCL2	596	TOP1	7150	0
KDM5C	8242	ROR1	4919	0
FLT3	2322	SMO	6608	0
BRCA1	672	PTEN	5728	0
KDM6A	7403	TOP1	7150	0
ARID2	196528	HDAC6	10013	0
BRAF	673	WEE1	7465	0
FGFR3	2261	TP53	7157	0
ATM	472	PDGFRA	5156	0
BCL2	596	JAK2	3717	0
BCL2	596	SMARCB1	6598	0
EGFR	1956	HSP90AA1	3320	0
BRD4	23476	CDKN1B	1027	0
ATM	472	BRD4	23476	0
CDKN2A	1029	ERBB2	2064	0
MSH6	2956	RB1	5925	0
ARID2	196528	MET	4233	0
BRD4	23476	BTK	695	0
BRAF	673	TP53	7157	0
HDAC2	3066	PBRM1	55193	0
BCL2	596	PIK3CA	5290	0
CDK4	1019	MET	4233	0
ABL1	25	PARP1	142	0
MLH1	4292	RB1	5925	0
EGFR	1956	VHL	7428	0
EGFR	1956	PTEN	5728	0
CDK6	1021	MAP2K1	5604	0
CDK6	1021	HSP90AA1	3320	0
ALK	238	KDM5C	8242	0
HSP90AA1	3320	KDM6A	7403	0
RPS6KB1	6198	RRM2	6241	0
APC	324	DHFR	1719	0
CHEK2	11200	SMO	6608	0
ARID2	196528	TP53	7157	0
ALK	238	BRCA2	675	0
CASP8	841	KIT	3815	0
CDK6	1021	FLT3	2322	0
BRCA2	675	KDM5C	8242	0
BRD4	23476	CDK6	1021	0
KDM5C	8242	SMAD4	4089	0
BRAF	673	SMARCA4	6597	0
JAK2	3717	ROR1	4919	0
AKT1	207	FGFR2	2263	0
CDKN1B	1027	FGFR2	2263	0
FNTA	2339	SMARCA4	6597	0
FGFR3	2261	MLH1	4292	0
BRAF	673	FGFR3	2261	0
ALK	238	DHFR	1719	0
ARID2	196528	VHL	7428	0
APC	324	ARID1A	8289	0
RPS6KB1	6198	TOP1	7150	0
RB1	5925	ROR1	4919	0
AKT1	207	VEGFA	7422	0
CASP8	841	FGFR3	2261	0
CDH1	999	PIK3CA	5290	0
GATA3	2625	KMT2D	8085	0
BTK	695	GATA3	2625	0
MAP3K1	4214	TYMS	7298	0
SMAD4	4089	TP53	7157	0
MTOR	2475	RUNX1	861	0
HDAC2	3066	RB1	5925	0
CDKN1B	1027	MAP2K1	5604	0
KIT	3815	PIK3CA	5290	0
HDAC6	10013	VEGFA	7422	0
KMT2D	8085	RB1	5925	0
KIT	3815	VEGFA	7422	0
MET	4233	SMAD4	4089	0
ABL1	25	VHL	7428	0
ROR1	4919	TSC1	7248	0
CDH1	999	EGFR	1956	0
BTK	695	KDM5C	8242	0
ERBB2	2064	HDAC2	3066	0
AKT1	207	APC	324	0
ERBB2	2064	SMO	6608	0
ALK	238	TP53	7157	0
BRD4	23476	JAK2	3717	0
BCL2	596	TP53	7157	0
FGFR2	2263	MAP2K1	5604	0
CDKN2A	1029	MSH6	2956	0
CDKN1B	1027	PARP1	142	0
MLH1	4292	PARP1	142	0
HDAC1	3065	JAK2	3717	0
RRM2	6241	WEE1	7465	0
ARID1A	8289	KIT	3815	0
BRCA1	672	TOP1	7150	0
MAP3K1	4214	SRC	6714	0
BRD4	23476	RPS6KB1	6198	0
ALK	238	CDK6	1021	0
ABL1	25	RPS6KB1	6198	0
ABL1	25	SMO	6608	0
BRAF	673	MSH6	2956	0
ABL1	25	FLT3	2322	0
CDKN1B	1027	GATA3	2625	0
MSH6	2956	TSC1	7248	0
FNTA	2339	RPS6KB1	6198	0
MTOR	2475	NF1	4763	0
FGFR2	2263	TYMS	7298	0
KMT2D	8085	TYMS	7298	0
BRCA2	675	PDGFRA	5156	0
FGFR3	2261	MET	4233	0
KMT2D	8085	MSH6	2956	0
CDK4	1019	FGFR2	2263	0
CDH1	999	ROR1	4919	0
ALK	238	BTK	695	0
CDKN2A	1029	HSP90AA1	3320	0
PTEN	5728	SMARCA4	6597	0
AKT1	207	MAP3K1	4214	0
HDAC2	3066	KDM5C	8242	0
APC	324	CDH1	999	0
ATM	472	BRAF	673	0
SMARCA4	6597	VHL	7428	0
ERBB2	2064	MAP3K1	4214	0
MET	4233	PARP1	142	0
BRCA2	675	CDKN2A	1029	0
CDK4	1019	RUNX1	861	0
CDK6	1021	RPS6KB1	6198	0
CASP8	841	HDAC2	3066	0
FGFR3	2261	MTOR	2475	0
BRAF	673	VEGFA	7422	0
BCL2	596	CHEK2	11200	0
AKT1	207	ATM	472	0
HSP90AA1	3320	PIK3CA	5290	0
FNTA	2339	HDAC1	3065	0
MLH1	4292	PRKDC	5591	0
IGF1R	3480	MSH6	2956	0
KDM5C	8242	PIK3R1	5295	0
HSP90AA1	3320	PTEN	5728	0
BRAF	673	RB1	5925	0
KMT2D	8085	PDGFRA	5156	0
BRCA2	675	FGFR2	2263	0
ARID2	196528	FLT3	2322	0
KDM5C	8242	PRKDC	5591	0
BRCA1	672	FGFR2	2263	0
BRAF	673	DHFR	1719	0
DHFR	1719	PTEN	5728	0
ATM	472	CDKN1B	1027	0
MAP2K1	5604	TP53	7157	0
APC	324	TOP1	7150	0
BCL2	596	ROR1	4919	0
AKT1	207	CHEK2	11200	0
AKT1	207	PIK3CA	5290	0
ADA	100	KMT2D	8085	0
ALK	238	FLT3	2322	0
GATA3	2625	PARP1	142	0
BRCA1	672	SMARCB1	6598	0
BRD4	23476	GATA3	2625	0
FLT3	2322	VHL	7428	0
JAK2	3717	WEE1	7465	0
TP53	7157	TYMS	7298	0
BRCA1	672	SMARCA4	6597	0
CDH1	999	KDM5C	8242	0
ALK	238	SETD2	29072	0
CDK4	1019	ERBB2	2064	0
BCL2	596	RB1	5925	0
APC	324	SMAD4	4089	0
ARID1A	8289	NF1	4763	0
KDM6A	7403	MET	4233	0
ARID2	196528	CDK4	1019	0
ARID1A	8289	SMARCA4	6597	0
BTK	695	FGFR3	2261	0
BCL2	596	RPS6KB1	6198	0
MLH1	4292	SMAD4	4089	0
PBRM1	55193	RUNX1	861	0
FGFR3	2261	HDAC6	10013	0
KIT	3815	RPS6KB1	6198	0
PBRM1	55193	TSC1	7248	0
CDKN1B	1027	SMAD4	4089	0
CASP8	841	TSC1	7248	0
HSP90AA1	3320	TP53	7157	0
ADA	100	CHEK2	11200	0
HSP90AA1	3320	IGF1R	3480	0
BRCA2	675	CDKN1B	1027	0
ALK	238	FGFR2	2263	0
KIT	3815	TP53	7157	0
ERBB2	2064	MET	4233	0
ERBB2	2064	KIT	3815	0
GATA3	2625	HDAC6	10013	0
CDK6	1021	PBRM1	55193	0
BCL2	596	MAP3K1	4214	0
KDM6A	7403	MAP2K1	5604	0
FLT3	2322	MET	4233	0
CDK4	1019	KIT	3815	0
DHFR	1719	SRC	6714	0
BTK	695	SRC	6714	0
HSP90AA1	3320	PARP1	142	0
MET	4233	PDGFRA	5156	0
SMO	6608	SRC	6714	0
BRCA2	675	RRM2	6241	0
ARID1A	8289	CDK6	1021	0
HSP90AA1	3320	RRM2	6241	0
CDK6	1021	WEE1	7465	0
CDK6	1021	KMT2D	8085	0
CDK6	1021	RB1	5925	0
MAP2K1	5604	MSH6	2956	0
HDAC2	3066	VHL	7428	0
FGFR2	2263	MAP3K1	4214	0
HDAC6	10013	PARP1	142	0
RB1	5925	TOP1	7150	0
RUNX1	861	WEE1	7465	0
FGFR3	2261	HDAC2	3066	0
EGFR	1956	JAK2	3717	0
BRCA2	675	MLH1	4292	0
PIK3R1	5295	TYMS	7298	0
APC	324	MTOR	2475	0
CHEK1	1111	EGFR	1956	0
AKT1	207	EGFR	1956	0
ERBB2	2064	HDAC1	3065	0
MET	4233	RRM2	6241	0
AKT1	207	BRAF	673	0
CDK4	1019	HDAC6	10013	0
BRD4	23476	HDAC2	3066	0
CDK9	1025	MTOR	2475	0
ALK	238	RUNX1	861	0
BRCA1	672	MET	4233	0
ARID2	196528	RB1	5925	0
ALK	238	KDM6A	7403	0
NF1	4763	SMAD4	4089	0
BTK	695	SMAD4	4089	0
CDKN2A	1029	CHEK2	11200	0
CDK6	1021	FGFR2	2263	0
ROR1	4919	SMO	6608	0
CHEK2	11200	RB1	5925	0
HSP90AA1	3320	SRC	6714	0
ABL1	25	SRC	6714	0
KMT2D	8085	VEGFA	7422	0
BRCA2	675	TP53	7157	0
BCL2	596	RUNX1	861	0
MLH1	4292	MTOR	2475	0
APC	324	ATM	472	0
CDK6	1021	TP53	7157	0
BCL2	596	GATA3	2625	0
CASP8	841	DHFR	1719	0
ATM	472	MLH1	4292	0
CASP8	841	RPS6KB1	6198	0
GATA3	2625	HDAC2	3066	0
AKT1	207	KIT	3815	0
FLT3	2322	TP53	7157	0
ARID2	196528	TOP1	7150	0
ERBB2	2064	NF1	4763	0
AKT1	207	ALK	238	0
EGFR	1956	RRM2	6241	0
BRD4	23476	IGF1R	3480	0
CDKN1B	1027	HDAC6	10013	0
BCL2	596	FGFR2	2263	0
ARID1A	8289	RUNX1	861	0
PIK3CA	5290	ROR1	4919	0
FLT3	2322	SMAD4	4089	0
BRD4	23476	MSH6	2956	0
CDKN1B	1027	KDM6A	7403	0
CDKN1B	1027	RUNX1	861	0
ARID1A	8289	BRAF	673	0
ATM	472	HDAC6	10013	0
BRCA1	672	CDK4	1019	0
BRD4	23476	HDAC6	10013	0
AKT1	207	RUNX1	861	0
MET	4233	PBRM1	55193	0
MAP2K1	5604	SRC	6714	0
CASP8	841	RB1	5925	0
HSP90AA1	3320	TYMS	7298	0
ATM	472	TOP1	7150	0
MSH6	2956	RRM2	6241	0
CDK6	1021	PIK3R1	5295	0
ABL1	25	ERBB2	2064	0
CDH1	999	SMAD4	4089	0
ARID1A	8289	PRKDC	5591	0
HDAC1	3065	TYMS	7298	0
CDH1	999	SMO	6608	0
APC	324	VEGFA	7422	0
APC	324	CDKN1B	1027	0
FLT3	2322	PIK3R1	5295	0
MET	4233	WEE1	7465	0
CASP8	841	VHL	7428	0
ABL1	25	MAP2K1	5604	0
CDKN2A	1029	TYMS	7298	0
RUNX1	861	TSC1	7248	0
RB1	5925	RPS6KB1	6198	0
FLT3	2322	HDAC6	10013	0
RUNX1	861	TYMS	7298	0
KDM5C	8242	PTEN	5728	0
DHFR	1719	KIT	3815	0
FGFR2	2263	RRM2	6241	0
CDH1	999	TP53	7157	0
ALK	238	ARID2	196528	0
APC	324	MAP3K1	4214	0
HSP90AA1	3320	SMAD4	4089	0
APC	324	WEE1	7465	0
CDKN2A	1029	ROR1	4919	0
RB1	5925	SMARCA4	6597	0
AKT1	207	TYMS	7298	0
ABL1	25	ADA	100	0
ADA	100	CDKN2A	1029	0
APC	324	PTEN	5728	0
ALK	238	ARID1A	8289	0
ADA	100	TP53	7157	0
MTOR	2475	PBRM1	55193	0
CDH1	999	CDK6	1021	0
ARID2	196528	GATA3	2625	0
HDAC2	3066	KMT2D	8085	0
TP53	7157	TSC1	7248	0
ALK	238	NF1	4763	0
GATA3	2625	MSH6	2956	0
CDH1	999	SETD2	29072	0
FGFR2	2263	ROR1	4919	0
BCL2	596	DHFR	1719	0
BTK	695	MAP2K1	5604	0
KDM5C	8242	MSH6	2956	0
APC	324	FGFR3	2261	0
MAP2K1	5604	PRKDC	5591	0
CASP8	841	KDM6A	7403	0
ADA	100	ROR1	4919	0
GATA3	2625	PIK3CA	5290	0
ARID1A	8289	ROR1	4919	0
ABL1	25	GATA3	2625	0
ROR1	4919	RUNX1	861	0
BRAF	673	CDK4	1019	0
CDH1	999	HDAC2	3066	0
PIK3R1	5295	WEE1	7465	0
MAP2K1	5604	SMAD4	4089	0
FGFR2	2263	IGF1R	3480	0
NF1	4763	ROR1	4919	0
ALK	238	PTEN	5728	0
ALK	238	FGFR3	2261	0
BTK	695	RB1	5925	0
AKT1	207	TOP1	7150	0
NF1	4763	PDGFRA	5156	0
ALK	238	HDAC2	3066	0
AKT1	207	CDKN2A	1029	0
FGFR2	2263	SMAD4	4089	0
ARID1A	8289	CHEK2	11200	0
ATM	472	CDH1	999	0
PARP1	142	PTEN	5728	0
BRCA1	672	RRM2	6241	0
BRD4	23476	MAP2K1	5604	0
EGFR	1956	FLT3	2322	0
BRD4	23476	RB1	5925	0
BRCA1	672	BTK	695	0
PIK3CA	5290	SRC	6714	0
BRAF	673	KMT2D	8085	0
NF1	4763	RPS6KB1	6198	0
PBRM1	55193	RB1	5925	0
DHFR	1719	RB1	5925	0
CHEK2	11200	TYMS	7298	0
CHEK2	11200	GATA3	2625	0
CDK6	1021	MSH6	2956	0
TOP1	7150	VEGFA	7422	0
FLT3	2322	PBRM1	55193	0
EGFR	1956	PARP1	142	0
HDAC6	10013	PDGFRA	5156	0
ALK	238	CHEK2	11200	0
CDKN1B	1027	ERBB2	2064	0
CDK6	1021	PIK3CA	5290	0
BCL2	596	SMAD4	4089	0
MAP2K1	5604	SMO	6608	0
ABL1	25	MTOR	2475	0
ARID2	196528	HSP90AA1	3320	0
ALK	238	VEGFA	7422	0
CDH1	999	PDGFRA	5156	0
CDK4	1019	KDM6A	7403	0
JAK2	3717	KDM5C	8242	0
ABL1	25	RUNX1	861	0
CDK4	1019	CHEK2	11200	0
BRD4	23476	MTOR	2475	0
ALK	238	VHL	7428	0
ALK	238	MAP2K1	5604	0
MET	4233	RUNX1	861	0
BRD4	23476	SMARCA4	6597	0
ARID2	196528	WEE1	7465	0
ARID2	196528	HDAC2	3066	0
ARID2	196528	SRC	6714	0
CDKN1B	1027	CDKN2A	1029	0
AKT1	207	NF1	4763	0
NF1	4763	TOP1	7150	0
PDGFRA	5156	TYMS	7298	0
AKT1	207	KDM6A	7403	0
GATA3	2625	RB1	5925	0
BRD4	23476	NF1	4763	0
ADA	100	MLH1	4292	0
FLT3	2322	RUNX1	861	0
SRC	6714	VHL	7428	0
CDKN1B	1027	PTEN	5728	0
PDGFRA	5156	TP53	7157	0
BRCA1	672	TSC1	7248	0
VEGFA	7422	VHL	7428	0
CDKN1B	1027	TOP1	7150	0
HDAC1	3065	MET	4233	0
HDAC2	3066	RUNX1	861	0
PTEN	5728	VHL	7428	0
DHFR	1719	HDAC1	3065	0
BRD4	23476	FGFR3	2261	0
HDAC6	10013	MET	4233	0
MTOR	2475	WEE1	7465	0
CASP8	841	KDM5C	8242	0
MLH1	4292	PDGFRA	5156	0
ROR1	4919	SRC	6714	0
PARP1	142	SMO	6608	0
ADA	100	JAK2	3717	0
BCL2	596	KDM6A	7403	0
FLT3	2322	MAP3K1	4214	0
HDAC6	10013	SMARCA4	6597	0
ARID2	196528	FGFR2	2263	0
FGFR3	2261	GATA3	2625	0
NF1	4763	SRC	6714	0
ERBB2	2064	FGFR2	2263	0
CDK9	1025	TOP1	7150	0
MLH1	4292	TYMS	7298	0
CHEK2	11200	MTOR	2475	0
CASP8	841	SMAD4	4089	0
ADA	100	KIT	3815	0
HDAC1	3065	VEGFA	7422	0
MTOR	2475	SMARCB1	6598	0
SMO	6608	TYMS	7298	0
ABL1	25	TOP1	7150	0
ADA	100	RRM2	6241	0
CHEK2	11200	MSH6	2956	0
BRAF	673	RUNX1	861	0
ERBB2	2064	SMARCB1	6598	0
CDKN1B	1027	SMARCB1	6598	0
BRCA1	672	RPS6KB1	6198	0
ERBB2	2064	GATA3	2625	0
RUNX1	861	TOP1	7150	0
APC	324	KMT2D	8085	0
CDKN1B	1027	PDGFRA	5156	0
ADA	100	TOP1	7150	0
FLT3	2322	MSH6	2956	0
ERBB2	2064	RRM2	6241	0
CDH1	999	HSP90AA1	3320	0
CDKN1B	1027	SETD2	29072	0
PDGFRA	5156	WEE1	7465	0
MSH6	2956	RUNX1	861	0
CDK6	1021	DHFR	1719	0
MSH6	2956	PBRM1	55193	0
KMT2D	8085	PTEN	5728	0
ABL1	25	CHEK2	11200	0
BTK	695	HDAC6	10013	0
IGF1R	3480	KMT2D	8085	0
CDKN2A	1029	RB1	5925	0
ARID2	196528	TYMS	7298	0
CHEK2	11200	FGFR3	2261	0
CDKN2A	1029	PARP1	142	0
CHEK1	1111	MET	4233	0
FLT3	2322	RB1	5925	0
EGFR	1956	PRKDC	5591	0
KIT	3815	RRM2	6241	0
PARP1	142	TOP1	7150	0
BTK	695	CDK6	1021	0
ERBB2	2064	KDM5C	8242	0
GATA3	2625	WEE1	7465	0
CHEK2	11200	TP53	7157	0
ADA	100	ALK	238	0
CDKN1B	1027	SMO	6608	0
DHFR	1719	RUNX1	861	0
BRAF	673	SETD2	29072	0
PBRM1	55193	VHL	7428	0
AKT1	207	MSH6	2956	0
KMT2D	8085	RPS6KB1	6198	0
BRAF	673	CDK9	1025	0
BCL2	596	IGF1R	3480	0
EGFR	1956	HDAC6	10013	0
ARID1A	8289	RPS6KB1	6198	0
ATM	472	FLT3	2322	0
MAP3K1	4214	PBRM1	55193	0
ARID1A	8289	VHL	7428	0
HDAC2	3066	MAP2K1	5604	0
ALK	238	TYMS	7298	0
CDK6	1021	PRKDC	5591	0
PIK3CA	5290	PTEN	5728	0
KDM6A	7403	MSH6	2956	0
MAP2K1	5604	TYMS	7298	0
CDK9	1025	EGFR	1956	0
ARID2	196528	DHFR	1719	0
ADA	100	HSP90AA1	3320	0
BRAF	673	FNTA	2339	0
BTK	695	MLH1	4292	0
PRKDC	5591	PTEN	5728	0
MET	4233	MTOR	2475	0
FGFR2	2263	PDGFRA	5156	0
CDK6	1021	HDAC1	3065	0
CHEK2	11200	HDAC6	10013	0
BCL2	596	BRD4	23476	0
ALK	238	BRCA1	672	0
FGFR3	2261	KDM6A	7403	0
APC	324	BRD4	23476	0
SMAD4	4089	VEGFA	7422	0
CDK6	1021	SETD2	29072	0
JAK2	3717	KDM6A	7403	0
EGFR	1956	RB1	5925	0
HDAC6	10013	MTOR	2475	0
ERBB2	2064	SRC	6714	0
CDK6	1021	CDKN1B	1027	0
PDGFRA	5156	ROR1	4919	0
BRD4	23476	SMARCB1	6598	0
CASP8	841	ERBB2	2064	0
ALK	238	PARP1	142	0
TSC1	7248	VHL	7428	0
BCL2	596	RRM2	6241	0
APC	324	CDK4	1019	0
HDAC6	10013	RUNX1	861	0
ALK	238	HDAC1	3065	0
CDKN2A	1029	PIK3CA	5290	0
PRKDC	5591	TYMS	7298	0
HDAC2	3066	MSH6	2956	0
TOP1	7150	TSC1	7248	0
GATA3	2625	NF1	4763	0
FGFR3	2261	VEGFA	7422	0
HDAC6	10013	KMT2D	8085	0
FGFR2	2263	HDAC6	10013	0
FLT3	2322	HDAC1	3065	0
ALK	238	KMT2D	8085	0
SMARCA4	6597	TP53	7157	0
PIK3R1	5295	SETD2	29072	0
GATA3	2625	KDM6A	7403	0
CDKN2A	1029	TSC1	7248	0
MAP2K1	5604	RB1	5925	0
CHEK2	11200	SRC	6714	0
ATM	472	FGFR2	2263	0
HDAC6	10013	TP53	7157	0
ADA	100	BRD4	23476	0
EGFR	1956	VEGFA	7422	0
HDAC2	3066	PTEN	5728	0
PRKDC	5591	ROR1	4919	0
JAK2	3717	KIT	3815	0
HDAC1	3065	SETD2	29072	0
APC	324	PRKDC	5591	0
MAP3K1	4214	RB1	5925	0
ARID1A	8289	SMO	6608	0
HDAC1	3065	PIK3R1	5295	0
VHL	7428	WEE1	7465	0
APC	324	RUNX1	861	0
MAP2K1	5604	MET	4233	0
HDAC6	10013	NF1	4763	0
BCL2	596	KIT	3815	0
BRAF	673	FGFR2	2263	0
ROR1	4919	TYMS	7298	0
HDAC1	3065	SMARCB1	6598	0
PIK3R1	5295	TP53	7157	0
HDAC2	3066	TYMS	7298	0
JAK2	3717	VEGFA	7422	0
RPS6KB1	6198	VHL	7428	0
KMT2D	8085	PIK3CA	5290	0
KMT2D	8085	SRC	6714	0
KDM5C	8242	TYMS	7298	0
ALK	238	BCL2	596	0
MSH6	2956	SRC	6714	0
BRCA1	672	HDAC2	3066	0
CHEK2	11200	KDM5C	8242	0
BRCA2	675	TYMS	7298	0
FGFR3	2261	RPS6KB1	6198	0
MSH6	2956	MTOR	2475	0
CDKN2A	1029	FLT3	2322	0
CASP8	841	ROR1	4919	0
PTEN	5728	TOP1	7150	0
HDAC2	3066	HSP90AA1	3320	0
BCL2	596	BRCA1	672	0
PIK3R1	5295	PTEN	5728	0
HSP90AA1	3320	JAK2	3717	0
BTK	695	VHL	7428	0
CDH1	999	KIT	3815	0
BRCA2	675	VHL	7428	0
KMT2D	8085	ROR1	4919	0
AKT1	207	SMARCA4	6597	0
CDK9	1025	TP53	7157	0
CDK6	1021	VHL	7428	0
ARID1A	8289	BRCA2	675	0
MAP3K1	4214	NF1	4763	0
CASP8	841	MET	4233	0
AKT1	207	SMARCB1	6598	0
EGFR	1956	PDGFRA	5156	0
CDKN1B	1027	CHEK2	11200	0
BTK	695	TYMS	7298	0
ERBB2	2064	SMARCA4	6597	0
APC	324	TP53	7157	0
ADA	100	SETD2	29072	0
KDM6A	7403	PBRM1	55193	0
RUNX1	861	SRC	6714	0
PTEN	5728	RPS6KB1	6198	0
HSP90AA1	3320	RUNX1	861	0
CDK4	1019	KDM5C	8242	0
RPS6KB1	6198	WEE1	7465	0
KIT	3815	MAP3K1	4214	0
CASP8	841	SRC	6714	0
JAK2	3717	SRC	6714	0
APC	324	PDGFRA	5156	0
GATA3	2625	TOP1	7150	0
AKT1	207	TP53	7157	0
GATA3	2625	PDGFRA	5156	0
CDK6	1021	MET	4233	0
CDK6	1021	JAK2	3717	0
PDGFRA	5156	SETD2	29072	0
CDH1	999	CDK9	1025	0
PBRM1	55193	RRM2	6241	0
AKT1	207	FLT3	2322	0
FGFR2	2263	MTOR	2475	0
BCL2	596	SETD2	29072	0
APC	324	ROR1	4919	0
EGFR	1956	PIK3CA	5290	0
KDM6A	7403	MTOR	2475	0
BCL2	596	TYMS	7298	0
MAP2K1	5604	PDGFRA	5156	0
JAK2	3717	TYMS	7298	0
AKT1	207	CDK6	1021	0
MTOR	2475	ROR1	4919	0
CDK6	1021	TOP1	7150	0
ERBB2	2064	PDGFRA	5156	0
HDAC2	3066	PDGFRA	5156	0
APC	324	TSC1	7248	0
ADA	100	ATM	472	0
GATA3	2625	MET	4233	0
BCL2	596	MET	4233	0
CDK4	1019	VEGFA	7422	0
AKT1	207	HDAC1	3065	0
PTEN	5728	TP53	7157	0
CHEK1	1111	VHL	7428	0
KDM6A	7403	VHL	7428	0
CHEK2	11200	VHL	7428	0
GATA3	2625	PTEN	5728	0
FNTA	2339	PBRM1	55193	0
ALK	238	APC	324	0
ABL1	25	TP53	7157	0
TOP1	7150	WEE1	7465	0
CDKN2A	1029	JAK2	3717	0
BRCA2	675	RPS6KB1	6198	0
ATM	472	EGFR	1956	0
TOP1	7150	VHL	7428	0
GATA3	2625	JAK2	3717	0
CASP8	841	CDK6	1021	0
PDGFRA	5156	TOP1	7150	0
APC	324	SMARCA4	6597	0
PBRM1	55193	TP53	7157	0
CASP8	841	MLH1	4292	0
CDH1	999	VHL	7428	0
MAP3K1	4214	MTOR	2475	0
CDH1	999	SRC	6714	0
CASP8	841	SETD2	29072	0
AKT1	207	PBRM1	55193	0
ATM	472	SRC	6714	0
CASP8	841	SMARCA4	6597	0
ADA	100	WEE1	7465	0
CDKN1B	1027	TP53	7157	0
PBRM1	55193	SMAD4	4089	0
RB1	5925	RRM2	6241	0
BTK	695	PARP1	142	0
BTK	695	KMT2D	8085	0
BRAF	673	CHEK1	1111	0
FGFR2	2263	FGFR3	2261	0
ADA	100	HDAC6	10013	0
ADA	100	BRCA1	672	0
CHEK2	11200	WEE1	7465	0
FNTA	2339	HSP90AA1	3320	0
AKT1	207	ARID2	196528	0
CHEK2	11200	TOP1	7150	0
ERBB2	2064	MTOR	2475	0
CDK4	1019	CDK6	1021	0
KDM6A	7403	TYMS	7298	0
HDAC6	10013	HSP90AA1	3320	0
CDH1	999	WEE1	7465	0
APC	324	FLT3	2322	0
HDAC6	10013	PIK3R1	5295	0
ERBB2	2064	MAP2K1	5604	0
BRCA1	672	EGFR	1956	0
GATA3	2625	VEGFA	7422	0
CHEK2	11200	KIT	3815	0
ARID1A	8289	ERBB2	2064	0
ARID1A	8289	DHFR	1719	0
HSP90AA1	3320	TOP1	7150	0
BTK	695	RRM2	6241	0
RB1	5925	SETD2	29072	0
ADA	100	SMARCB1	6598	0
NF1	4763	RB1	5925	0
KMT2D	8085	TP53	7157	0
PBRM1	55193	TYMS	7298	0
AKT1	207	KDM5C	8242	0
BRD4	23476	SRC	6714	0
ADA	100	MTOR	2475	0
FLT3	2322	MAP2K1	5604	0
CDK6	1021	CDKN2A	1029	0
RUNX1	861	VEGFA	7422	0
HDAC6	10013	SMAD4	4089	0
SMAD4	4089	TOP1	7150	0
GATA3	2625	PRKDC	5591	0
BRD4	23476	CDK4	1019	0
MTOR	2475	SMO	6608	0
KDM5C	8242	VEGFA	7422	0
BRD4	23476	MLH1	4292	0
CDK6	1021	TYMS	7298	0
KMT2D	8085	WEE1	7465	0
MLH1	4292	SETD2	29072	0
ALK	238	EGFR	1956	0
BRCA1	672	HDAC6	10013	0
KDM5C	8242	SRC	6714	0
ABL1	25	ALK	238	0
BRCA2	675	BRD4	23476	0
KDM5C	8242	TP53	7157	0
KDM5C	8242	RUNX1	861	0
KMT2D	8085	RRM2	6241	0
HSP90AA1	3320	ROR1	4919	0
FGFR3	2261	SMARCB1	6598	0
KIT	3815	PDGFRA	5156	0
JAK2	3717	MET	4233	0
SRC	6714	WEE1	7465	0
DHFR	1719	SETD2	29072	0
CDKN2A	1029	FGFR3	2261	0
KDM5C	8242	MAP2K1	5604	0
TYMS	7298	VHL	7428	0
ROR1	4919	VEGFA	7422	0
RPS6KB1	6198	TYMS	7298	0
CHEK2	11200	NF1	4763	0
CDKN1B	1027	TYMS	7298	0
BCL2	596	HSP90AA1	3320	0
MAP3K1	4214	PDGFRA	5156	0
BRD4	23476	SMAD4	4089	0
CHEK2	11200	KDM6A	7403	0
EGFR	1956	ERBB2	2064	0
BRCA1	672	PRKDC	5591	0
ADA	100	ARID1A	8289	0
ALK	238	SMARCA4	6597	0
PIK3R1	5295	SMAD4	4089	0
BRCA2	675	MET	4233	0
KIT	3815	MTOR	2475	0
FGFR2	2263	MET	4233	0
JAK2	3717	SMARCA4	6597	0
ABL1	25	KMT2D	8085	0
PTEN	5728	VEGFA	7422	0
JAK2	3717	KMT2D	8085	0
SRC	6714	TOP1	7150	0
AKT1	207	RB1	5925	0
DHFR	1719	MET	4233	0
KIT	3815	MET	4233	0
FGFR3	2261	SMARCA4	6597	0
BRCA1	672	KDM6A	7403	0
FGFR3	2261	SMAD4	4089	0
BCL2	596	KMT2D	8085	0
BRAF	673	MLH1	4292	0
CDH1	999	MLH1	4292	0
CHEK1	1111	TYMS	7298	0
GATA3	2625	SMO	6608	0
ABL1	25	CASP8	841	0
BRCA2	675	CDK6	1021	0
NF1	4763	PRKDC	5591	0
MSH6	2956	VHL	7428	0
ALK	238	MSH6	2956	0
CHEK1	1111	PBRM1	55193	0
ARID1A	8289	MLH1	4292	0
FLT3	2322	VEGFA	7422	0
BRCA2	675	HDAC1	3065	0
MSH6	2956	RPS6KB1	6198	0
CDKN2A	1029	PIK3R1	5295	0
RPS6KB1	6198	RUNX1	861	0
BRCA2	675	WEE1	7465	0
RB1	5925	SRC	6714	0
RB1	5925	RUNX1	861	0
MET	4233	SMO	6608	0
CDKN2A	1029	MAP3K1	4214	0
ALK	238	WEE1	7465	0
CASP8	841	JAK2	3717	0
CDK4	1019	FLT3	2322	0
CDK4	1019	SETD2	29072	0
ALK	238	CDKN1B	1027	0
ARID2	196528	HDAC1	3065	0
BRD4	23476	FLT3	2322	0
MET	4233	RB1	5925	0
HDAC1	3065	SMARCA4	6597	0
GATA3	2625	TYMS	7298	0
CHEK1	1111	RPS6KB1	6198	0
ARID1A	8289	HDAC2	3066	0
CDK6	1021	HDAC6	10013	0
BRCA1	672	CDKN1B	1027	0
PIK3CA	5290	TP53	7157	0
GATA3	2625	SMARCA4	6597	0
HDAC1	3065	SRC	6714	0
BRCA2	675	SETD2	29072	0
BRD4	23476	KDM6A	7403	0
GATA3	2625	PIK3R1	5295	0
CDKN1B	1027	ROR1	4919	0
CDKN1B	1027	MET	4233	0
FGFR2	2263	TP53	7157	0
ARID2	196528	BRD4	23476	0
BRD4	23476	SMO	6608	0
HDAC6	10013	MSH6	2956	0
CASP8	841	WEE1	7465	0
FLT3	2322	GATA3	2625	0
RPS6KB1	6198	SMARCA4	6597	0
BCL2	596	CDK6	1021	0
SMAD4	4089	VHL	7428	0
BRD4	23476	EGFR	1956	0
DHFR	1719	ERBB2	2064	0
ALK	238	PIK3CA	5290	0
ATM	472	GATA3	2625	0
MTOR	2475	SRC	6714	0
