PARP1	142	WEE1	7465	1
MAPK1	5594	MAPK3	5595	1
MAP2K1	5604	PARP1	142	1
BRCA2	675	PARP1	142	1
AKT2	208	WEE1	7465	1
BRCA1	672	BRCA2	675	1
BRCA2	675	WEE1	7465	1
BCL2L1	598	MCL1	4170	1
AKT2	208	BRCA2	675	1
AKT2	208	PARP1	142	1
BRCA1	672	WEE1	7465	1
CHEK1	1111	WEE1	7465	1
BRCA1	672	PARP1	142	1
MAP2K1	5604	WEE1	7465	1
BRCA2	675	MAPK3	5595	1
AKT2	208	BRCA1	672	1
BRCA2	675	MCL1	4170	1
MCL1	4170	WEE1	7465	1
PRKDC	5591	RPS6KB1	6198	1
CASP8	841	FNTA	2339	1
ARID2	196528	CDKN1B	1027	1
FNTA	2339	KDM6A	7403	1
CDK9	1025	SETD2	29072	1
FGFR3	2261	FNTA	2339	1
CDK9	1025	FGFR2	2263	1
CDK4	1019	CDKN1B	1027	1
IGF1R	3480	ROR1	4919	1
CDK9	1025	ROR1	4919	1
CDK9	1025	SMARCA4	6597	1
DHFR	1719	HDAC2	3066	1
CHEK2	11200	HDAC2	3066	1
ROR1	4919	VHL	7428	1
PBRM1	55193	PTEN	5728	1
GATA3	2625	PRKDC	5591	1
AKT1	207	CDK9	1025	1
HSP90AA1	3320	PRKDC	5591	1
KIT	3815	VHL	7428	1
CDK9	1025	IGF1R	3480	1
PRKDC	5591	RRM2	6241	1
HDAC1	3065	PRKDC	5591	1
FNTA	2339	SMO	6608	1
BRAF	673	IGF1R	3480	1
BRCA1	672	MSH6	2956	1
PTEN	5728	RRM2	6241	1
ADA	100	FNTA	2339	1
CDK9	1025	SRC	6714	1
CDH1	999	FNTA	2339	1
CDK9	1025	MSH6	2956	1
ARID1A	8289	IGF1R	3480	1
KIT	3815	PDGFRA	5156	1
CDK9	1025	PARP1	142	1
EGFR	1956	KIT	3815	1
ABL1	25	CDK9	1025	1
RRM2	6241	VHL	7428	1
MAP3K1	4214	PIK3R1	5295	1
GATA3	2625	PIK3R1	5295	1
CDK9	1025	PIK3CA	5290	1
IGF1R	3480	PRKDC	5591	1
ALK	238	PBRM1	55193	1
GATA3	2625	RRM2	6241	1
ADA	100	CHEK2	11200	1
MET	4233	RRM2	6241	1
EGFR	1956	PDGFRA	5156	1
CDKN1B	1027	HDAC6	10013	1
CHEK2	11200	PDGFRA	5156	1
CDK4	1019	CDK9	1025	1
AKT1	207	TP53	7157	1
ATM	472	IGF1R	3480	1
CDK9	1025	HDAC2	3066	1
ALK	238	RRM2	6241	1
SMARCA4	6597	TOP1	7150	1
IGF1R	3480	SRC	6714	1
RPS6KB1	6198	RRM2	6241	1
MAP3K1	4214	VHL	7428	1
ARID2	196528	EGFR	1956	1
EGFR	1956	RRM2	6241	1
BRCA2	675	IGF1R	3480	1
RRM2	6241	TOP1	7150	1
ARID1A	8289	PIK3R1	5295	1
TOP1	7150	TYMS	7298	1
CDK9	1025	ERBB2	2064	1
BRAF	673	VHL	7428	1
KIT	3815	KMT2D	8085	1
KDM5C	8242	RRM2	6241	1
KDM6A	7403	VHL	7428	1
PBRM1	55193	TYMS	7298	1
EGFR	1956	RB1	5925	1
FNTA	2339	JAK2	3717	1
CDK4	1019	MAP2K1	5604	1
CDK4	1019	FNTA	2339	1
ATM	472	RRM2	6241	1
MAP3K1	4214	RRM2	6241	1
ARID2	196528	PIK3R1	5295	1
IGF1R	3480	PARP1	142	1
ARID1A	8289	PRKDC	5591	1
FLT3	2322	HDAC2	3066	1
KIT	3815	RPS6KB1	6198	1
PRKDC	5591	TYMS	7298	1
PIK3CA	5290	SMARCA4	6597	1
ADA	100	PRKDC	5591	1
ABL1	25	RRM2	6241	1
BRCA2	675	TOP1	7150	1
PRKDC	5591	SETD2	29072	1
SRC	6714	VHL	7428	1
IGF1R	3480	TOP1	7150	1
BRCA1	672	KDM5C	8242	1
JAK2	3717	KIT	3815	1
DHFR	1719	VHL	7428	1
ERBB2	2064	SRC	6714	1
PIK3CA	5290	PRKDC	5591	1
AKT1	207	RRM2	6241	1
SETD2	29072	VHL	7428	1
PRKDC	5591	VEGFA	7422	1
HDAC2	3066	HDAC6	10013	1
HDAC2	3066	MAP2K1	5604	1
BRCA1	672	PRKDC	5591	1
ALK	238	CDK4	1019	1
CDK9	1025	WEE1	7465	1
CDK9	1025	PRKDC	5591	1
EGFR	1956	SMAD4	4089	1
CDK9	1025	MET	4233	1
KDM5C	8242	SMO	6608	1
HDAC6	10013	SETD2	29072	1
KDM6A	7403	PIK3R1	5295	1
PRKDC	5591	SMARCA4	6597	1
CDK4	1019	CDKN2A	1029	1
RPS6KB1	6198	SETD2	29072	1
FNTA	2339	HDAC2	3066	1
BTK	695	FNTA	2339	1
CDK9	1025	HDAC6	10013	1
HDAC6	10013	SRC	6714	1
CDK4	1019	RRM2	6241	1
CDK4	1019	ERBB2	2064	1
CASP8	841	CDK9	1025	1
CDH1	999	CDK9	1025	1
GATA3	2625	IGF1R	3480	1
ARID2	196528	CHEK1	1111	1
BRCA1	672	FGFR3	2261	1
CDKN1B	1027	PARP1	142	1
BRCA1	672	PTEN	5728	1
ALK	238	CDK9	1025	1
HDAC2	3066	RPS6KB1	6198	1
PRKDC	5591	SRC	6714	1
IGF1R	3480	PBRM1	55193	1
PBRM1	55193	SMAD4	4089	1
FNTA	2339	HDAC1	3065	1
ARID2	196528	PRKDC	5591	1
ADA	100	RPS6KB1	6198	1
HDAC1	3065	IGF1R	3480	1
GAPDH	2597	PDHX	8050	1
ENO3	2027	GAPDH	2597	1
GAPDH	2597	PGAM1	5223	1
GAPDH	2597	MDH2	4191	1
GAPDH	2597	TKT	7086	1
GAPDH	2597	PFKM	5213	1
GAPDHS	26330	LDHA	3939	1
GAPDH	2597	TPI1	7167	1
ENO2	2026	PDHA1	5160	1
PGD	5226	PGK1	5230	1
ENO3	2027	GAPDHS	26330	1
ALDOA	226	TKT	7086	1
ENO2	2026	PFKM	5213	1
LDHA	3939	PDHB	5162	1
GAPDH	2597	PGK1	5230	1
ALDOA	226	HK2	3099	1
ALDOA	226	ENO2	2026	1
LDHB	3945	ME1	4199	1
ENO2	2026	PKM	5315	1
PFKL	5211	TKT	7086	1
PGAM1	5223	PGK2	5232	1
GAPDH	2597	PGAM2	5224	1
FBP2	8789	GAPDH	2597	1
ALDOB	229	ENO2	2026	1
GAPDH	2597	PFKP	5214	1
LDHA	3939	LDHB	3945	1
HK2	3099	TKT	7086	1
PGAM1	5223	TKT	7086	1
ENO2	2026	PGK2	5232	1
ENO1	2023	HK1	3098	1
ALDOA	226	DLD	1738	1
GAPDH	2597	GAPDHS	26330	1
PDHB	5162	TKT	7086	1
ME1	4199	PFKM	5213	1
PFKM	5213	TKT	7086	1
PGAM2	5224	PGK1	5230	1
ALDOC	230	GAPDHS	26330	1
ENO2	2026	TKT	7086	1
G6PD	2539	ME1	4199	1
GAPDHS	26330	PFKM	5213	1
HK1	3098	TKT	7086	1
GOT1	2805	TKT	7086	1
ENO3	2027	TKT	7086	1
ALDOA	226	GAPDHS	26330	1
ENO2	2026	PGLS	25796	1
GAPDH	2597	HK1	3098	1
ENO2	2026	PGAM2	5224	1
ENO2	2026	PGAM1	5223	1
G6PD	2539	GOT2	2806	1
GAPDH	2597	PDHA2	5161	1
ENO1	2023	ENO2	2026	1
ME2	4200	TKT	7086	1
G6PD	2539	GAPDHS	26330	1
HK3	3101	PDHA1	5160	1
PFKL	5211	PFKM	5213	1
G6PD	2539	TKT	7086	1
ENO1	2023	LDHB	3945	1
GAPDH	2597	ME2	4200	1
ENO2	2026	LDHAL6B	92483	1
PGK1	5230	TKT	7086	1
GAPDH	2597	GOT1	2805	1
ALDOA	226	FBP2	8789	1
ENO1	2023	GAPDH	2597	1
CHEK2	11200	MAP2K2	5605	0
EEF2	1938	MAP2K2	5605	0
MAP2K2	5605	MTOR	2475	0
MAP2K2	5605	MCL1	4170	0
BRCA1	672	CHEK2	11200	0
BRCA1	672	IMPDH1	3614	0
BRCA1	672	EEF2	1938	0
BRCA1	672	UBB	7314	0
CHEK2	11200	PARP2	10038	0
EEF2	1938	PARP2	10038	0
BRCA2	675	CHEK2	11200	0
BRCA2	675	EEF2	1938	0
BRCA2	675	MTOR	2475	0
CHEK1	1111	CHEK2	11200	0
CHEK1	1111	EEF2	1938	0
CHEK1	1111	MTOR	2475	0
AKT2	208	CHEK2	11200	0
AKT2	208	EEF2	1938	0
AKT2	208	MTOR	2475	0
BCL2L2	599	CHEK2	11200	0
BCL2L2	599	EEF2	1938	0
CHEK2	11200	HSP90AA1	3320	0
EEF2	1938	HSP90AA1	3320	0
HSP90AA1	3320	MTOR	2475	0
CHEK2	11200	PARP1	142	0
EEF2	1938	PARP1	142	0
CHEK2	11200	MCL1	4170	0
IMPDH1	3614	MCL1	4170	0
EEF2	1938	MCL1	4170	0
MCL1	4170	MTOR	2475	0
BCL2A1	597	MCL1	4170	0
CHEK2	11200	UBC	7316	0
AKT1	207	CHEK2	11200	0
CHEK2	11200	IMPDH1	3614	0
BCL2	596	CHEK2	11200	0
CHEK2	11200	WEE1	7465	0
BCL2L1	598	CHEK2	11200	0
CHEK2	11200	EEF2	1938	0
CHEK2	11200	MAPK3	5595	0
CHEK2	11200	MTOR	2475	0
CHEK2	11200	MAP2K1	5604	0
CHEK2	11200	UBB	7314	0
BCL2L10	10017	CHEK2	11200	0
AKT3	10000	CHEK2	11200	0
BCL2A1	597	CHEK2	11200	0
CHEK2	11200	MAPK1	5594	0
EEF2	1938	IMPDH1	3614	0
IMPDH1	3614	MAPK3	5595	0
EEF2	1938	MAPK3	5595	0
MAPK3	5595	MTOR	2475	0
BCL2	596	MAPK1	5594	0
EEF2	1938	MAPK1	5594	0
MAPK1	5594	UBB	7314	0
AKT3	10000	BCL2	596	0
AKT3	10000	EEF2	1938	0
AKT3	10000	MTOR	2475	0
EEF2	1938	UBB	7314	0
MTOR	2475	UBB	7314	0
MTOR	2475	UBC	7316	0
BCL2L1	598	MTOR	2475	0
EEF2	1938	MTOR	2475	0
BCL2A1	597	MTOR	2475	0
BCL2L1	598	EEF2	1938	0
EEF2	1938	MAP2K1	5604	0
EEF2	1938	WEE1	7465	0
AKT1	207	EEF2	1938	0
BCL2	596	EEF2	1938	0
BCL2A1	597	EEF2	1938	0
BCL2L10	10017	EEF2	1938	0
EEF2	1938	UBC	7316	0
ABL1	25	ALK	238	0
ABL1	25	ARID1A	8289	0
ABL1	25	ARID2	196528	0
ABL1	25	ATM	472	0
ABL1	25	BRAF	673	0
ABL1	25	BRCA1	672	0
ABL1	25	BRD4	23476	0
ABL1	25	CASP8	841	0
ABL1	25	CDH1	999	0
ABL1	25	CDK4	1019	0
ABL1	25	CDKN2A	1029	0
ABL1	25	CHEK1	1111	0
ABL1	25	CHEK2	11200	0
ABL1	25	ERBB2	2064	0
ABL1	25	FGFR2	2263	0
ABL1	25	FGFR3	2261	0
ABL1	25	FNTA	2339	0
ABL1	25	GATA3	2625	0
ABL1	25	HDAC6	10013	0
ABL1	25	KDM5C	8242	0
ABL1	25	KDM6A	7403	0
ABL1	25	KMT2D	8085	0
ABL1	25	MAP3K1	4214	0
ABL1	25	MET	4233	0
ABL1	25	MSH6	2956	0
ABL1	25	NF1	4763	0
ABL1	25	PARP1	142	0
ABL1	25	PDGFRA	5156	0
ABL1	25	PIK3CA	5290	0
ABL1	25	PTEN	5728	0
ABL1	25	RB1	5925	0
ABL1	25	ROR1	4919	0
ABL1	25	RUNX1	861	0
ABL1	25	SMARCB1	6598	0
ABL1	25	SRC	6714	0
ABL1	25	TP53	7157	0
ABL1	25	TSC1	7248	0
ABL1	25	TYMS	7298	0
ABL1	25	VEGFA	7422	0
ABL1	25	WEE1	7465	0
ABL1	25	APC	324	0
ABL1	25	DHFR	1719	0
ABL1	25	SMAD4	4089	0
ADA	100	AKT1	207	0
ADA	100	BRCA1	672	0
ADA	100	BRCA2	675	0
ADA	100	BRD4	23476	0
ADA	100	CASP8	841	0
ADA	100	CDK4	1019	0
ADA	100	CDK6	1021	0
ADA	100	CDKN1B	1027	0
ADA	100	CDKN2A	1029	0
ADA	100	DHFR	1719	0
ADA	100	EGFR	1956	0
ADA	100	ERBB2	2064	0
ADA	100	FGFR3	2261	0
ADA	100	HSP90AA1	3320	0
ADA	100	JAK2	3717	0
ADA	100	KDM5C	8242	0
ADA	100	KDM6A	7403	0
ADA	100	KIT	3815	0
ADA	100	MAP2K1	5604	0
ADA	100	MSH6	2956	0
ADA	100	MTOR	2475	0
ADA	100	NF1	4763	0
ADA	100	PIK3CA	5290	0
ADA	100	PIK3R1	5295	0
ADA	100	PTEN	5728	0
ADA	100	RB1	5925	0
ADA	100	ROR1	4919	0
ADA	100	RUNX1	861	0
ADA	100	SMAD4	4089	0
ADA	100	SMARCA4	6597	0
ADA	100	SMARCB1	6598	0
ADA	100	SMO	6608	0
ADA	100	TP53	7157	0
ADA	100	TYMS	7298	0
ADA	100	VEGFA	7422	0
ADA	100	APC	324	0
ADA	100	BCL2	596	0
ADA	100	GATA3	2625	0
ADA	100	HDAC6	10013	0
ADA	100	PBRM1	55193	0
ADA	100	TSC1	7248	0
AKT1	207	ALK	238	0
AKT1	207	APC	324	0
AKT1	207	ARID1A	8289	0
AKT1	207	ARID2	196528	0
AKT1	207	ATM	472	0
AKT1	207	BCL2	596	0
AKT1	207	BRCA1	672	0
AKT1	207	BRCA2	675	0
AKT1	207	BTK	695	0
AKT1	207	CASP8	841	0
AKT1	207	CDH1	999	0
AKT1	207	CDK4	1019	0
AKT1	207	CDK6	1021	0
AKT1	207	CDKN1B	1027	0
AKT1	207	ERBB2	2064	0
AKT1	207	GATA3	2625	0
AKT1	207	HDAC1	3065	0
AKT1	207	HDAC2	3066	0
AKT1	207	HDAC6	10013	0
AKT1	207	HSP90AA1	3320	0
AKT1	207	IGF1R	3480	0
AKT1	207	JAK2	3717	0
AKT1	207	KDM5C	8242	0
AKT1	207	KDM6A	7403	0
AKT1	207	MAP2K1	5604	0
AKT1	207	MSH6	2956	0
AKT1	207	MTOR	2475	0
AKT1	207	NF1	4763	0
AKT1	207	PDGFRA	5156	0
AKT1	207	PIK3CA	5290	0
AKT1	207	PRKDC	5591	0
AKT1	207	PTEN	5728	0
AKT1	207	RPS6KB1	6198	0
AKT1	207	SETD2	29072	0
AKT1	207	SMARCA4	6597	0
AKT1	207	TOP1	7150	0
AKT1	207	TSC1	7248	0
AKT1	207	WEE1	7465	0
AKT1	207	KIT	3815	0
AKT1	207	SMAD4	4089	0
AKT1	207	VEGFA	7422	0
ALK	238	APC	324	0
ALK	238	ARID1A	8289	0
ALK	238	ARID2	196528	0
ALK	238	CASP8	841	0
ALK	238	CDKN1B	1027	0
ALK	238	CDKN2A	1029	0
ALK	238	CHEK1	1111	0
ALK	238	DHFR	1719	0
ALK	238	EGFR	1956	0
ALK	238	FLT3	2322	0
ALK	238	JAK2	3717	0
ALK	238	KIT	3815	0
ALK	238	KMT2D	8085	0
ALK	238	MAP2K1	5604	0
ALK	238	MET	4233	0
ALK	238	MLH1	4292	0
ALK	238	MSH6	2956	0
ALK	238	NF1	4763	0
ALK	238	RPS6KB1	6198	0
ALK	238	SMARCA4	6597	0
ALK	238	SMARCB1	6598	0
ALK	238	TP53	7157	0
ALK	238	TSC1	7248	0
ALK	238	VEGFA	7422	0
ALK	238	WEE1	7465	0
ALK	238	BCL2	596	0
ALK	238	CDK6	1021	0
APC	324	ARID1A	8289	0
APC	324	BTK	695	0
APC	324	CASP8	841	0
APC	324	CDK4	1019	0
APC	324	CDK6	1021	0
APC	324	DHFR	1719	0
APC	324	EGFR	1956	0
APC	324	ERBB2	2064	0
APC	324	FGFR3	2261	0
APC	324	FLT3	2322	0
APC	324	FNTA	2339	0
APC	324	GATA3	2625	0
APC	324	KDM5C	8242	0
APC	324	KDM6A	7403	0
APC	324	KIT	3815	0
APC	324	MAP2K1	5604	0
APC	324	MLH1	4292	0
APC	324	MSH6	2956	0
APC	324	NF1	4763	0
APC	324	PARP1	142	0
APC	324	PBRM1	55193	0
APC	324	PIK3CA	5290	0
APC	324	PIK3R1	5295	0
APC	324	RB1	5925	0
APC	324	ROR1	4919	0
APC	324	RUNX1	861	0
APC	324	SMAD4	4089	0
APC	324	SMARCB1	6598	0
APC	324	SMO	6608	0
APC	324	TOP1	7150	0
APC	324	TP53	7157	0
APC	324	TSC1	7248	0
APC	324	CDKN1B	1027	0
APC	324	CDKN2A	1029	0
APC	324	SMARCA4	6597	0
APC	324	SRC	6714	0
APC	324	WEE1	7465	0
ARID1A	8289	ARID2	196528	0
ARID1A	8289	ATM	472	0
ARID1A	8289	BCL2	596	0
ARID1A	8289	BRCA1	672	0
ARID1A	8289	BRD4	23476	0
ARID1A	8289	CDK6	1021	0
ARID1A	8289	CHEK2	11200	0
ARID1A	8289	ERBB2	2064	0
ARID1A	8289	FGFR2	2263	0
ARID1A	8289	FGFR3	2261	0
ARID1A	8289	HDAC1	3065	0
ARID1A	8289	HSP90AA1	3320	0
ARID1A	8289	KDM5C	8242	0
ARID1A	8289	KDM6A	7403	0
ARID1A	8289	KIT	3815	0
ARID1A	8289	MAP2K1	5604	0
ARID1A	8289	MAP3K1	4214	0
ARID1A	8289	MLH1	4292	0
ARID1A	8289	MSH6	2956	0
ARID1A	8289	MTOR	2475	0
ARID1A	8289	NF1	4763	0
ARID1A	8289	PIK3CA	5290	0
ARID1A	8289	RUNX1	861	0
ARID1A	8289	SETD2	29072	0
ARID1A	8289	SMARCA4	6597	0
ARID1A	8289	TP53	7157	0
ARID1A	8289	TSC1	7248	0
ARID1A	8289	WEE1	7465	0
ARID1A	8289	BTK	695	0
ARID1A	8289	PDGFRA	5156	0
ARID1A	8289	PTEN	5728	0
ARID1A	8289	HDAC6	10013	0
ARID2	196528	ATM	472	0
ARID2	196528	BRAF	673	0
ARID2	196528	BRCA2	675	0
ARID2	196528	BRD4	23476	0
ARID2	196528	BTK	695	0
ARID2	196528	CASP8	841	0
ARID2	196528	CDH1	999	0
ARID2	196528	CDK4	1019	0
ARID2	196528	CDK6	1021	0
ARID2	196528	CDKN2A	1029	0
ARID2	196528	CHEK2	11200	0
ARID2	196528	DHFR	1719	0
ARID2	196528	FGFR3	2261	0
ARID2	196528	FLT3	2322	0
ARID2	196528	HDAC1	3065	0
ARID2	196528	HDAC6	10013	0
ARID2	196528	HSP90AA1	3320	0
ARID2	196528	JAK2	3717	0
ARID2	196528	KIT	3815	0
ARID2	196528	MAP2K1	5604	0
ARID2	196528	PBRM1	55193	0
ARID2	196528	PDGFRA	5156	0
ARID2	196528	PIK3CA	5290	0
ARID2	196528	PTEN	5728	0
ARID2	196528	ROR1	4919	0
ARID2	196528	SETD2	29072	0
ARID2	196528	SMAD4	4089	0
ARID2	196528	SMARCA4	6597	0
ARID2	196528	SMARCB1	6598	0
ARID2	196528	SMO	6608	0
ARID2	196528	TP53	7157	0
ARID2	196528	TSC1	7248	0
ARID2	196528	VEGFA	7422	0
ARID2	196528	VHL	7428	0
ARID2	196528	WEE1	7465	0
ARID2	196528	GATA3	2625	0
ARID2	196528	MAP3K1	4214	0
ARID2	196528	MSH6	2956	0
ARID2	196528	RB1	5925	0
ATM	472	BCL2	596	0
ATM	472	BTK	695	0
ATM	472	CASP8	841	0
ATM	472	CDH1	999	0
ATM	472	CDKN2A	1029	0
ATM	472	CHEK1	1111	0
ATM	472	CHEK2	11200	0
ATM	472	DHFR	1719	0
ATM	472	FGFR2	2263	0
ATM	472	FLT3	2322	0
ATM	472	FNTA	2339	0
ATM	472	GATA3	2625	0
ATM	472	HSP90AA1	3320	0
ATM	472	KDM6A	7403	0
ATM	472	KMT2D	8085	0
ATM	472	MAP2K1	5604	0
ATM	472	MLH1	4292	0
ATM	472	MSH6	2956	0
ATM	472	MTOR	2475	0
ATM	472	NF1	4763	0
ATM	472	PBRM1	55193	0
ATM	472	PDGFRA	5156	0
ATM	472	PIK3R1	5295	0
ATM	472	PRKDC	5591	0
ATM	472	PTEN	5728	0
ATM	472	RB1	5925	0
ATM	472	ROR1	4919	0
ATM	472	TP53	7157	0
ATM	472	VEGFA	7422	0
ATM	472	JAK2	3717	0
ATM	472	KDM5C	8242	0
ATM	472	PARP1	142	0
ATM	472	SMARCB1	6598	0
ATM	472	TSC1	7248	0
ATM	472	WEE1	7465	0
BCL2	596	BTK	695	0
BCL2	596	CASP8	841	0
BCL2	596	CDKN1B	1027	0
BCL2	596	DHFR	1719	0
BCL2	596	ERBB2	2064	0
BCL2	596	FGFR3	2261	0
BCL2	596	GATA3	2625	0
BCL2	596	HDAC1	3065	0
BCL2	596	HSP90AA1	3320	0
BCL2	596	JAK2	3717	0
BCL2	596	KDM5C	8242	0
BCL2	596	KDM6A	7403	0
BCL2	596	KIT	3815	0
BCL2	596	MET	4233	0
BCL2	596	MLH1	4292	0
BCL2	596	MSH6	2956	0
BCL2	596	MTOR	2475	0
BCL2	596	NF1	4763	0
BCL2	596	PARP1	142	0
BCL2	596	PDGFRA	5156	0
BCL2	596	PIK3CA	5290	0
BCL2	596	RB1	5925	0
BCL2	596	ROR1	4919	0
BCL2	596	RUNX1	861	0
BCL2	596	SETD2	29072	0
BCL2	596	SMAD4	4089	0
BCL2	596	SMARCA4	6597	0
BCL2	596	SMO	6608	0
BCL2	596	SRC	6714	0
BCL2	596	TOP1	7150	0
BCL2	596	TP53	7157	0
BCL2	596	TSC1	7248	0
BCL2	596	TYMS	7298	0
BCL2	596	VEGFA	7422	0
BCL2	596	BRD4	23476	0
BCL2	596	FLT3	2322	0
BCL2	596	PBRM1	55193	0
BCL2	596	PIK3R1	5295	0
BCL2	596	PRKDC	5591	0
BCL2	596	FGFR2	2263	0
BRAF	673	CASP8	841	0
BRAF	673	CDH1	999	0
BRAF	673	CDK4	1019	0
BRAF	673	CDK6	1021	0
BRAF	673	CDKN2A	1029	0
BRAF	673	CHEK2	11200	0
BRAF	673	DHFR	1719	0
BRAF	673	ERBB2	2064	0
BRAF	673	HDAC6	10013	0
BRAF	673	HSP90AA1	3320	0
BRAF	673	KDM6A	7403	0
BRAF	673	KIT	3815	0
BRAF	673	KMT2D	8085	0
BRAF	673	MAP3K1	4214	0
BRAF	673	MET	4233	0
BRAF	673	MLH1	4292	0
BRAF	673	MTOR	2475	0
BRAF	673	NF1	4763	0
BRAF	673	PBRM1	55193	0
BRAF	673	PDGFRA	5156	0
BRAF	673	PTEN	5728	0
BRAF	673	SMARCB1	6598	0
BRAF	673	TP53	7157	0
BRAF	673	TSC1	7248	0
BRAF	673	TYMS	7298	0
BRAF	673	WEE1	7465	0
BRAF	673	FGFR3	2261	0
BRAF	673	MAP2K1	5604	0
BRCA1	672	CDH1	999	0
BRCA1	672	CDK6	1021	0
BRCA1	672	CHEK2	11200	0
BRCA1	672	GATA3	2625	0
BRCA1	672	JAK2	3717	0
BRCA1	672	KDM6A	7403	0
BRCA1	672	MAP2K1	5604	0
BRCA1	672	ROR1	4919	0
BRCA1	672	RUNX1	861	0
BRCA1	672	TP53	7157	0
BRCA1	672	VHL	7428	0
BRCA1	672	WEE1	7465	0
BRCA1	672	CASP8	841	0
BRCA1	672	MLH1	4292	0
BRCA1	672	PDGFRA	5156	0
BRCA2	675	BTK	695	0
BRCA2	675	CDH1	999	0
BRCA2	675	CDK6	1021	0
BRCA2	675	CDK9	1025	0
BRCA2	675	CHEK1	1111	0
BRCA2	675	CHEK2	11200	0
BRCA2	675	FGFR2	2263	0
BRCA2	675	FLT3	2322	0
BRCA2	675	FNTA	2339	0
BRCA2	675	JAK2	3717	0
BRCA2	675	MET	4233	0
BRCA2	675	MTOR	2475	0
BRCA2	675	PDGFRA	5156	0
BRCA2	675	PTEN	5728	0
BRCA2	675	ROR1	4919	0
BRCA2	675	SRC	6714	0
BRCA2	675	TSC1	7248	0
BRCA2	675	VEGFA	7422	0
BRCA2	675	WEE1	7465	0
BRCA2	675	RUNX1	861	0
BRCA2	675	SMAD4	4089	0
BRCA2	675	TP53	7157	0
BRD4	23476	CDH1	999	0
BRD4	23476	CDK4	1019	0
BRD4	23476	CDKN1B	1027	0
BRD4	23476	CDKN2A	1029	0
BRD4	23476	CHEK1	1111	0
BRD4	23476	CHEK2	11200	0
BRD4	23476	EGFR	1956	0
BRD4	23476	ERBB2	2064	0
BRD4	23476	FGFR2	2263	0
BRD4	23476	HDAC1	3065	0
BRD4	23476	IGF1R	3480	0
BRD4	23476	KIT	3815	0
BRD4	23476	MAP2K1	5604	0
BRD4	23476	MTOR	2475	0
BRD4	23476	NF1	4763	0
BRD4	23476	PBRM1	55193	0
BRD4	23476	PIK3R1	5295	0
BRD4	23476	PTEN	5728	0
BRD4	23476	ROR1	4919	0
BRD4	23476	RPS6KB1	6198	0
BRD4	23476	SMAD4	4089	0
BRD4	23476	SMARCB1	6598	0
BRD4	23476	TOP1	7150	0
BRD4	23476	TP53	7157	0
BRD4	23476	TSC1	7248	0
BRD4	23476	VEGFA	7422	0
BRD4	23476	WEE1	7465	0
BRD4	23476	MLH1	4292	0
BRD4	23476	RUNX1	861	0
BTK	695	CASP8	841	0
BTK	695	CDK4	1019	0
BTK	695	CDK6	1021	0
BTK	695	CHEK1	1111	0
BTK	695	DHFR	1719	0
BTK	695	EGFR	1956	0
BTK	695	ERBB2	2064	0
BTK	695	FLT3	2322	0
BTK	695	HDAC2	3066	0
BTK	695	HDAC6	10013	0
BTK	695	HSP90AA1	3320	0
BTK	695	KDM5C	8242	0
BTK	695	KDM6A	7403	0
BTK	695	KIT	3815	0
BTK	695	KMT2D	8085	0
BTK	695	MAP2K1	5604	0
BTK	695	MET	4233	0
BTK	695	MLH1	4292	0
BTK	695	MSH6	2956	0
BTK	695	PARP1	142	0
BTK	695	PBRM1	55193	0
BTK	695	PIK3CA	5290	0
BTK	695	PIK3R1	5295	0
BTK	695	RUNX1	861	0
BTK	695	SETD2	29072	0
BTK	695	SMARCA4	6597	0
BTK	695	SMO	6608	0
BTK	695	SRC	6714	0
BTK	695	TP53	7157	0
BTK	695	TSC1	7248	0
BTK	695	VHL	7428	0
BTK	695	WEE1	7465	0
BTK	695	CDKN2A	1029	0
BTK	695	FGFR2	2263	0
BTK	695	FGFR3	2261	0
BTK	695	NF1	4763	0
CASP8	841	CDH1	999	0
CASP8	841	CDK4	1019	0
CASP8	841	CDK6	1021	0
CASP8	841	CDKN2A	1029	0
CASP8	841	CHEK2	11200	0
CASP8	841	DHFR	1719	0
CASP8	841	FGFR3	2261	0
CASP8	841	GATA3	2625	0
CASP8	841	HDAC2	3066	0
CASP8	841	HDAC6	10013	0
CASP8	841	JAK2	3717	0
CASP8	841	KDM5C	8242	0
CASP8	841	KDM6A	7403	0
CASP8	841	KIT	3815	0
CASP8	841	KMT2D	8085	0
CASP8	841	MLH1	4292	0
CASP8	841	NF1	4763	0
CASP8	841	PARP1	142	0
CASP8	841	PBRM1	55193	0
CASP8	841	RB1	5925	0
CASP8	841	ROR1	4919	0
CASP8	841	RUNX1	861	0
CASP8	841	SMARCA4	6597	0
CASP8	841	SMO	6608	0
CASP8	841	SRC	6714	0
CASP8	841	TP53	7157	0
CASP8	841	TSC1	7248	0
CASP8	841	VEGFA	7422	0
CASP8	841	FGFR2	2263	0
CASP8	841	MAP3K1	4214	0
CASP8	841	MSH6	2956	0
CASP8	841	PDGFRA	5156	0
CASP8	841	PTEN	5728	0
CASP8	841	SETD2	29072	0
CASP8	841	WEE1	7465	0
CDH1	999	DHFR	1719	0
CDH1	999	EGFR	1956	0
CDH1	999	FGFR2	2263	0
CDH1	999	FGFR3	2261	0
CDH1	999	GATA3	2625	0
CDH1	999	HDAC6	10013	0
CDH1	999	KIT	3815	0
CDH1	999	KMT2D	8085	0
CDH1	999	MAP2K1	5604	0
CDH1	999	MET	4233	0
CDH1	999	MTOR	2475	0
CDH1	999	NF1	4763	0
CDH1	999	PBRM1	55193	0
CDH1	999	PDGFRA	5156	0
CDH1	999	PIK3CA	5290	0
CDH1	999	PIK3R1	5295	0
CDH1	999	PTEN	5728	0
CDH1	999	SETD2	29072	0
CDH1	999	SMAD4	4089	0
CDH1	999	SMARCB1	6598	0
CDH1	999	SRC	6714	0
CDH1	999	TP53	7157	0
CDH1	999	TSC1	7248	0
CDH1	999	TYMS	7298	0
CDH1	999	WEE1	7465	0
CDH1	999	KDM6A	7403	0
CDK4	1019	CHEK1	1111	0
CDK4	1019	FGFR3	2261	0
CDK4	1019	FLT3	2322	0
CDK4	1019	HDAC1	3065	0
CDK4	1019	HSP90AA1	3320	0
CDK4	1019	KMT2D	8085	0
CDK4	1019	MAP3K1	4214	0
CDK4	1019	MLH1	4292	0
CDK4	1019	MSH6	2956	0
CDK4	1019	PIK3R1	5295	0
CDK4	1019	ROR1	4919	0
CDK4	1019	SMARCB1	6598	0
CDK4	1019	TSC1	7248	0
CDK4	1019	VEGFA	7422	0
CDK4	1019	CDK6	1021	0
CDK4	1019	KDM5C	8242	0
CDK4	1019	MTOR	2475	0
CDK4	1019	PIK3CA	5290	0
CDK4	1019	RB1	5925	0
CDK4	1019	SMO	6608	0
CDK4	1019	TP53	7157	0
CDK4	1019	KDM6A	7403	0
CDK6	1021	CDKN2A	1029	0
CDK6	1021	CHEK1	1111	0
CDK6	1021	DHFR	1719	0
CDK6	1021	ERBB2	2064	0
CDK6	1021	FGFR2	2263	0
CDK6	1021	FLT3	2322	0
CDK6	1021	GATA3	2625	0
CDK6	1021	HDAC1	3065	0
CDK6	1021	HDAC2	3066	0
CDK6	1021	HDAC6	10013	0
CDK6	1021	KDM5C	8242	0
CDK6	1021	KDM6A	7403	0
CDK6	1021	KIT	3815	0
CDK6	1021	KMT2D	8085	0
CDK6	1021	MAP2K1	5604	0
CDK6	1021	MET	4233	0
CDK6	1021	MTOR	2475	0
CDK6	1021	NF1	4763	0
CDK6	1021	PARP1	142	0
CDK6	1021	PBRM1	55193	0
CDK6	1021	PDGFRA	5156	0
CDK6	1021	PIK3R1	5295	0
CDK6	1021	PRKDC	5591	0
CDK6	1021	PTEN	5728	0
CDK6	1021	RB1	5925	0
CDK6	1021	RRM2	6241	0
CDK6	1021	SETD2	29072	0
CDK6	1021	SMAD4	4089	0
CDK6	1021	SMARCA4	6597	0
CDK6	1021	TOP1	7150	0
CDK6	1021	TSC1	7248	0
CDK6	1021	VEGFA	7422	0
CDK6	1021	WEE1	7465	0
CDK6	1021	SMO	6608	0
CDK6	1021	TP53	7157	0
CDK6	1021	TYMS	7298	0
CDK6	1021	JAK2	3717	0
CDK9	1025	FNTA	2339	0
CDK9	1025	TOP1	7150	0
CDKN1B	1027	CHEK1	1111	0
CDKN1B	1027	CHEK2	11200	0
CDKN1B	1027	EGFR	1956	0
CDKN1B	1027	FLT3	2322	0
CDKN1B	1027	HDAC1	3065	0
CDKN1B	1027	KDM5C	8242	0
CDKN1B	1027	MAP2K1	5604	0
CDKN1B	1027	RB1	5925	0
CDKN1B	1027	ROR1	4919	0
CDKN1B	1027	RRM2	6241	0
CDKN1B	1027	SMARCB1	6598	0
CDKN1B	1027	TP53	7157	0
CDKN1B	1027	TYMS	7298	0
CDKN1B	1027	VEGFA	7422	0
CDKN1B	1027	FGFR3	2261	0
CDKN1B	1027	MET	4233	0
CDKN1B	1027	PRKDC	5591	0
CDKN1B	1027	TSC1	7248	0
CDKN2A	1029	DHFR	1719	0
CDKN2A	1029	ERBB2	2064	0
CDKN2A	1029	FGFR2	2263	0
CDKN2A	1029	FNTA	2339	0
CDKN2A	1029	GATA3	2625	0
CDKN2A	1029	HDAC2	3066	0
CDKN2A	1029	HSP90AA1	3320	0
CDKN2A	1029	KDM6A	7403	0
CDKN2A	1029	KIT	3815	0
CDKN2A	1029	KMT2D	8085	0
CDKN2A	1029	MET	4233	0
CDKN2A	1029	MLH1	4292	0
CDKN2A	1029	MSH6	2956	0
CDKN2A	1029	NF1	4763	0
CDKN2A	1029	PBRM1	55193	0
CDKN2A	1029	PDGFRA	5156	0
CDKN2A	1029	PIK3CA	5290	0
CDKN2A	1029	RB1	5925	0
CDKN2A	1029	ROR1	4919	0
CDKN2A	1029	RUNX1	861	0
CDKN2A	1029	SETD2	29072	0
CDKN2A	1029	SMARCA4	6597	0
CDKN2A	1029	SRC	6714	0
CDKN2A	1029	TP53	7157	0
CDKN2A	1029	TYMS	7298	0
CDKN2A	1029	VEGFA	7422	0
CDKN2A	1029	WEE1	7465	0
CDKN2A	1029	CHEK1	1111	0
CDKN2A	1029	CHEK2	11200	0
CHEK1	1111	DHFR	1719	0
CHEK1	1111	ERBB2	2064	0
CHEK1	1111	FGFR3	2261	0
CHEK1	1111	FLT3	2322	0
CHEK1	1111	FNTA	2339	0
CHEK1	1111	HDAC6	10013	0
CHEK1	1111	JAK2	3717	0
CHEK1	1111	KDM5C	8242	0
CHEK1	1111	KDM6A	7403	0
CHEK1	1111	KMT2D	8085	0
CHEK1	1111	MAP3K1	4214	0
CHEK1	1111	MET	4233	0
CHEK1	1111	PDGFRA	5156	0
CHEK1	1111	RPS6KB1	6198	0
CHEK1	1111	SETD2	29072	0
CHEK1	1111	TOP1	7150	0
CHEK1	1111	WEE1	7465	0
CHEK1	1111	SMAD4	4089	0
CHEK1	1111	TP53	7157	0
CHEK1	1111	HDAC2	3066	0
CHEK1	1111	RUNX1	861	0
CHEK2	11200	DHFR	1719	0
CHEK2	11200	ERBB2	2064	0
CHEK2	11200	FGFR2	2263	0
CHEK2	11200	FGFR3	2261	0
CHEK2	11200	FLT3	2322	0
CHEK2	11200	GATA3	2625	0
CHEK2	11200	IGF1R	3480	0
CHEK2	11200	KDM5C	8242	0
CHEK2	11200	KMT2D	8085	0
CHEK2	11200	MET	4233	0
CHEK2	11200	MLH1	4292	0
CHEK2	11200	MTOR	2475	0
CHEK2	11200	PARP1	142	0
CHEK2	11200	PBRM1	55193	0
CHEK2	11200	PRKDC	5591	0
CHEK2	11200	RB1	5925	0
CHEK2	11200	ROR1	4919	0
CHEK2	11200	SMARCA4	6597	0
CHEK2	11200	SMO	6608	0
CHEK2	11200	SRC	6714	0
CHEK2	11200	TOP1	7150	0
CHEK2	11200	TSC1	7248	0
CHEK2	11200	WEE1	7465	0
CHEK2	11200	HDAC6	10013	0
CHEK2	11200	KIT	3815	0
CHEK2	11200	TP53	7157	0
CHEK2	11200	VEGFA	7422	0
CHEK2	11200	PIK3CA	5290	0
DHFR	1719	EGFR	1956	0
DHFR	1719	ERBB2	2064	0
DHFR	1719	FLT3	2322	0
DHFR	1719	HDAC6	10013	0
DHFR	1719	KDM6A	7403	0
DHFR	1719	KMT2D	8085	0
DHFR	1719	MAP3K1	4214	0
DHFR	1719	MSH6	2956	0
DHFR	1719	NF1	4763	0
DHFR	1719	PRKDC	5591	0
DHFR	1719	PTEN	5728	0
DHFR	1719	RB1	5925	0
DHFR	1719	RUNX1	861	0
DHFR	1719	SETD2	29072	0
DHFR	1719	SMARCB1	6598	0
DHFR	1719	SMO	6608	0
DHFR	1719	TP53	7157	0
DHFR	1719	TSC1	7248	0
DHFR	1719	WEE1	7465	0
DHFR	1719	MET	4233	0
DHFR	1719	SMARCA4	6597	0
DHFR	1719	MAP2K1	5604	0
EGFR	1956	FLT3	2322	0
EGFR	1956	GATA3	2625	0
EGFR	1956	HDAC6	10013	0
EGFR	1956	HSP90AA1	3320	0
EGFR	1956	JAK2	3717	0
EGFR	1956	KDM5C	8242	0
EGFR	1956	KDM6A	7403	0
EGFR	1956	MET	4233	0
EGFR	1956	MLH1	4292	0
EGFR	1956	PARP1	142	0
EGFR	1956	PBRM1	55193	0
EGFR	1956	PIK3R1	5295	0
EGFR	1956	ROR1	4919	0
EGFR	1956	RUNX1	861	0
EGFR	1956	SMARCA4	6597	0
EGFR	1956	SRC	6714	0
EGFR	1956	TOP1	7150	0
EGFR	1956	TP53	7157	0
EGFR	1956	VHL	7428	0
EGFR	1956	WEE1	7465	0
EGFR	1956	MTOR	2475	0
EGFR	1956	PTEN	5728	0
ERBB2	2064	FGFR2	2263	0
ERBB2	2064	FLT3	2322	0
ERBB2	2064	KDM5C	8242	0
ERBB2	2064	KIT	3815	0
ERBB2	2064	MAP2K1	5604	0
ERBB2	2064	MAP3K1	4214	0
ERBB2	2064	MET	4233	0
ERBB2	2064	MLH1	4292	0
ERBB2	2064	MTOR	2475	0
ERBB2	2064	NF1	4763	0
ERBB2	2064	PARP1	142	0
ERBB2	2064	PDGFRA	5156	0
ERBB2	2064	PIK3CA	5290	0
ERBB2	2064	RB1	5925	0
ERBB2	2064	ROR1	4919	0
ERBB2	2064	RUNX1	861	0
ERBB2	2064	SMO	6608	0
ERBB2	2064	TP53	7157	0
ERBB2	2064	TSC1	7248	0
ERBB2	2064	VEGFA	7422	0
ERBB2	2064	WEE1	7465	0
ERBB2	2064	HDAC1	3065	0
ERBB2	2064	SMARCA4	6597	0
FGFR2	2263	FGFR3	2261	0
FGFR2	2263	FLT3	2322	0
FGFR2	2263	GATA3	2625	0
FGFR2	2263	HDAC6	10013	0
FGFR2	2263	IGF1R	3480	0
FGFR2	2263	JAK2	3717	0
FGFR2	2263	KDM5C	8242	0
FGFR2	2263	KDM6A	7403	0
FGFR2	2263	MLH1	4292	0
FGFR2	2263	MSH6	2956	0
FGFR2	2263	PDGFRA	5156	0
FGFR2	2263	PIK3R1	5295	0
FGFR2	2263	PTEN	5728	0
FGFR2	2263	ROR1	4919	0
FGFR2	2263	RPS6KB1	6198	0
FGFR2	2263	SMARCA4	6597	0
FGFR2	2263	SMARCB1	6598	0
FGFR2	2263	SMO	6608	0
FGFR2	2263	TOP1	7150	0
FGFR2	2263	TP53	7157	0
FGFR2	2263	VHL	7428	0
FGFR2	2263	WEE1	7465	0
FGFR2	2263	KMT2D	8085	0
FGFR2	2263	PBRM1	55193	0
FGFR2	2263	RUNX1	861	0
FGFR2	2263	VEGFA	7422	0
FGFR3	2261	FLT3	2322	0
FGFR3	2261	HDAC1	3065	0
FGFR3	2261	HSP90AA1	3320	0
FGFR3	2261	IGF1R	3480	0
FGFR3	2261	KMT2D	8085	0
FGFR3	2261	MET	4233	0
FGFR3	2261	MLH1	4292	0
FGFR3	2261	MTOR	2475	0
FGFR3	2261	PARP1	142	0
FGFR3	2261	PBRM1	55193	0
FGFR3	2261	PDGFRA	5156	0
FGFR3	2261	PIK3CA	5290	0
FGFR3	2261	PRKDC	5591	0
FGFR3	2261	PTEN	5728	0
FGFR3	2261	RB1	5925	0
FGFR3	2261	ROR1	4919	0
FGFR3	2261	RPS6KB1	6198	0
FGFR3	2261	RUNX1	861	0
FGFR3	2261	SETD2	29072	0
FGFR3	2261	SMAD4	4089	0
FGFR3	2261	SMO	6608	0
FGFR3	2261	TP53	7157	0
FGFR3	2261	TYMS	7298	0
FGFR3	2261	VEGFA	7422	0
FGFR3	2261	JAK2	3717	0
FGFR3	2261	KIT	3815	0
FGFR3	2261	MAP2K1	5604	0
FGFR3	2261	MSH6	2956	0
FGFR3	2261	NF1	4763	0
FGFR3	2261	SMARCB1	6598	0
FLT3	2322	FNTA	2339	0
FLT3	2322	GATA3	2625	0
FLT3	2322	HDAC6	10013	0
FLT3	2322	HSP90AA1	3320	0
FLT3	2322	KDM5C	8242	0
FLT3	2322	KMT2D	8085	0
FLT3	2322	MTOR	2475	0
FLT3	2322	PARP1	142	0
FLT3	2322	PDGFRA	5156	0
FLT3	2322	RB1	5925	0
FLT3	2322	SMAD4	4089	0
FLT3	2322	SMARCB1	6598	0
FLT3	2322	SRC	6714	0
FLT3	2322	TOP1	7150	0
FLT3	2322	TP53	7157	0
FLT3	2322	WEE1	7465	0
FLT3	2322	JAK2	3717	0
FLT3	2322	KDM6A	7403	0
FLT3	2322	TYMS	7298	0
FNTA	2339	MSH6	2956	0
FNTA	2339	MTOR	2475	0
FNTA	2339	SMARCA4	6597	0
FNTA	2339	WEE1	7465	0
GATA3	2625	JAK2	3717	0
GATA3	2625	KDM6A	7403	0
GATA3	2625	KIT	3815	0
GATA3	2625	KMT2D	8085	0
GATA3	2625	MAP2K1	5604	0
GATA3	2625	MAP3K1	4214	0
GATA3	2625	MET	4233	0
GATA3	2625	MLH1	4292	0
GATA3	2625	MSH6	2956	0
GATA3	2625	PBRM1	55193	0
GATA3	2625	PIK3CA	5290	0
GATA3	2625	RB1	5925	0
GATA3	2625	RUNX1	861	0
GATA3	2625	SMAD4	4089	0
GATA3	2625	SMARCA4	6597	0
GATA3	2625	SMARCB1	6598	0
GATA3	2625	TP53	7157	0
GATA3	2625	TSC1	7248	0
GATA3	2625	VHL	7428	0
GATA3	2625	WEE1	7465	0
GATA3	2625	PTEN	5728	0
GATA3	2625	SMO	6608	0
HDAC1	3065	HSP90AA1	3320	0
HDAC1	3065	KDM5C	8242	0
HDAC1	3065	KDM6A	7403	0
HDAC1	3065	KIT	3815	0
HDAC1	3065	MAP2K1	5604	0
HDAC1	3065	MLH1	4292	0
HDAC1	3065	MTOR	2475	0
HDAC1	3065	PBRM1	55193	0
HDAC1	3065	PIK3CA	5290	0
HDAC1	3065	PIK3R1	5295	0
HDAC1	3065	PTEN	5728	0
HDAC1	3065	ROR1	4919	0
HDAC1	3065	RRM2	6241	0
HDAC1	3065	RUNX1	861	0
HDAC1	3065	SETD2	29072	0
HDAC1	3065	SMAD4	4089	0
HDAC1	3065	SRC	6714	0
HDAC1	3065	TP53	7157	0
HDAC1	3065	TSC1	7248	0
HDAC1	3065	TYMS	7298	0
HDAC1	3065	VEGFA	7422	0
HDAC1	3065	VHL	7428	0
HDAC1	3065	TOP1	7150	0
HDAC1	3065	RB1	5925	0
HDAC2	3066	MSH6	2956	0
HDAC2	3066	MTOR	2475	0
HDAC2	3066	PDGFRA	5156	0
HDAC2	3066	RUNX1	861	0
HDAC2	3066	SETD2	29072	0
HDAC2	3066	VEGFA	7422	0
HDAC2	3066	KDM6A	7403	0
HDAC2	3066	TP53	7157	0
HDAC2	3066	WEE1	7465	0
HDAC2	3066	ROR1	4919	0
HDAC6	10013	KDM5C	8242	0
HDAC6	10013	MAP3K1	4214	0
HDAC6	10013	MLH1	4292	0
HDAC6	10013	MSH6	2956	0
HDAC6	10013	MTOR	2475	0
HDAC6	10013	PBRM1	55193	0
HDAC6	10013	PDGFRA	5156	0
HDAC6	10013	PIK3R1	5295	0
HDAC6	10013	PRKDC	5591	0
HDAC6	10013	PTEN	5728	0
HDAC6	10013	ROR1	4919	0
HDAC6	10013	RUNX1	861	0
HDAC6	10013	SMARCB1	6598	0
HDAC6	10013	TOP1	7150	0
HDAC6	10013	TP53	7157	0
HSP90AA1	3320	KIT	3815	0
HSP90AA1	3320	MAP2K1	5604	0
HSP90AA1	3320	MAP3K1	4214	0
HSP90AA1	3320	MET	4233	0
HSP90AA1	3320	MLH1	4292	0
HSP90AA1	3320	MSH6	2956	0
HSP90AA1	3320	MTOR	2475	0
HSP90AA1	3320	NF1	4763	0
HSP90AA1	3320	PBRM1	55193	0
HSP90AA1	3320	PIK3CA	5290	0
HSP90AA1	3320	ROR1	4919	0
HSP90AA1	3320	TP53	7157	0
HSP90AA1	3320	TSC1	7248	0
HSP90AA1	3320	VEGFA	7422	0
HSP90AA1	3320	WEE1	7465	0
HSP90AA1	3320	PDGFRA	5156	0
HSP90AA1	3320	RUNX1	861	0
IGF1R	3480	KDM5C	8242	0
IGF1R	3480	PDGFRA	5156	0
IGF1R	3480	PIK3CA	5290	0
IGF1R	3480	SMARCB1	6598	0
IGF1R	3480	VHL	7428	0
IGF1R	3480	WEE1	7465	0
IGF1R	3480	MAP3K1	4214	0
IGF1R	3480	MTOR	2475	0
JAK2	3717	KDM5C	8242	0
JAK2	3717	MSH6	2956	0
JAK2	3717	NF1	4763	0
JAK2	3717	PIK3CA	5290	0
JAK2	3717	RPS6KB1	6198	0
JAK2	3717	RUNX1	861	0
JAK2	3717	SETD2	29072	0
JAK2	3717	SMAD4	4089	0
JAK2	3717	SMARCB1	6598	0
JAK2	3717	TP53	7157	0
JAK2	3717	TYMS	7298	0
JAK2	3717	VEGFA	7422	0
JAK2	3717	SMARCA4	6597	0
JAK2	3717	WEE1	7465	0
KDM5C	8242	MAP3K1	4214	0
KDM5C	8242	MLH1	4292	0
KDM5C	8242	MTOR	2475	0
KDM5C	8242	PIK3CA	5290	0
KDM5C	8242	SMAD4	4089	0
KDM5C	8242	SMARCA4	6597	0
KDM5C	8242	SMARCB1	6598	0
KDM5C	8242	SRC	6714	0
KDM5C	8242	TOP1	7150	0
KDM5C	8242	TP53	7157	0
KDM5C	8242	VEGFA	7422	0
KDM5C	8242	PDGFRA	5156	0
KDM6A	7403	MAP2K1	5604	0
KDM6A	7403	MET	4233	0
KDM6A	7403	NF1	4763	0
KDM6A	7403	RUNX1	861	0
KDM6A	7403	TP53	7157	0
KDM6A	7403	TSC1	7248	0
KDM6A	7403	WEE1	7465	0
KDM6A	7403	ROR1	4919	0
KDM6A	7403	VEGFA	7422	0
KIT	3815	MAP2K1	5604	0
KIT	3815	MET	4233	0
KIT	3815	MTOR	2475	0
KIT	3815	PARP1	142	0
KIT	3815	PIK3R1	5295	0
KIT	3815	ROR1	4919	0
KIT	3815	RRM2	6241	0
KIT	3815	RUNX1	861	0
KIT	3815	SMARCA4	6597	0
KIT	3815	TP53	7157	0
KIT	3815	TSC1	7248	0
KIT	3815	VEGFA	7422	0
KIT	3815	WEE1	7465	0
KIT	3815	TYMS	7298	0
KMT2D	8085	MAP2K1	5604	0
KMT2D	8085	MAP3K1	4214	0
KMT2D	8085	MET	4233	0
KMT2D	8085	MSH6	2956	0
KMT2D	8085	NF1	4763	0
KMT2D	8085	ROR1	4919	0
KMT2D	8085	RUNX1	861	0
KMT2D	8085	SETD2	29072	0
KMT2D	8085	SMO	6608	0
KMT2D	8085	TOP1	7150	0
KMT2D	8085	TP53	7157	0
KMT2D	8085	TSC1	7248	0
KMT2D	8085	TYMS	7298	0
KMT2D	8085	VHL	7428	0
MAP2K1	5604	MSH6	2956	0
MAP2K1	5604	MTOR	2475	0
MAP2K1	5604	NF1	4763	0
MAP2K1	5604	PDGFRA	5156	0
MAP2K1	5604	PIK3CA	5290	0
MAP2K1	5604	RB1	5925	0
MAP2K1	5604	ROR1	4919	0
MAP2K1	5604	RPS6KB1	6198	0
MAP2K1	5604	RUNX1	861	0
MAP2K1	5604	SETD2	29072	0
MAP2K1	5604	SMAD4	4089	0
MAP2K1	5604	SMARCB1	6598	0
MAP2K1	5604	SRC	6714	0
MAP2K1	5604	TOP1	7150	0
MAP2K1	5604	TP53	7157	0
MAP2K1	5604	TSC1	7248	0
MAP2K1	5604	TYMS	7298	0
MAP2K1	5604	VEGFA	7422	0
MAP2K1	5604	WEE1	7465	0
MAP3K1	4214	MTOR	2475	0
MAP3K1	4214	PIK3CA	5290	0
MAP3K1	4214	PTEN	5728	0
MAP3K1	4214	ROR1	4919	0
MAP3K1	4214	SETD2	29072	0
MAP3K1	4214	SRC	6714	0
MAP3K1	4214	TP53	7157	0
MAP3K1	4214	TSC1	7248	0
MAP3K1	4214	MSH6	2956	0
MET	4233	MTOR	2475	0
MET	4233	PDGFRA	5156	0
MET	4233	PIK3CA	5290	0
MET	4233	PRKDC	5591	0
MET	4233	PTEN	5728	0
MET	4233	RB1	5925	0
MET	4233	SMAD4	4089	0
MET	4233	SMO	6608	0
MET	4233	TP53	7157	0
MET	4233	TSC1	7248	0
MET	4233	TYMS	7298	0
MET	4233	WEE1	7465	0
MLH1	4292	NF1	4763	0
MLH1	4292	PARP1	142	0
MLH1	4292	PBRM1	55193	0
MLH1	4292	PDGFRA	5156	0
MLH1	4292	PIK3CA	5290	0
MLH1	4292	PTEN	5728	0
MLH1	4292	RB1	5925	0
MLH1	4292	ROR1	4919	0
MLH1	4292	RUNX1	861	0
MLH1	4292	SMAD4	4089	0
MLH1	4292	SRC	6714	0
MLH1	4292	TOP1	7150	0
MLH1	4292	TP53	7157	0
MLH1	4292	TSC1	7248	0
MLH1	4292	TYMS	7298	0
MLH1	4292	VEGFA	7422	0
MLH1	4292	VHL	7428	0
MLH1	4292	WEE1	7465	0
MLH1	4292	MSH6	2956	0
MSH6	2956	MTOR	2475	0
MSH6	2956	PBRM1	55193	0
MSH6	2956	PDGFRA	5156	0
MSH6	2956	PTEN	5728	0
MSH6	2956	RB1	5925	0
MSH6	2956	ROR1	4919	0
MSH6	2956	RRM2	6241	0
MSH6	2956	RUNX1	861	0
MSH6	2956	SETD2	29072	0
MSH6	2956	SMAD4	4089	0
MSH6	2956	SMO	6608	0
MSH6	2956	VEGFA	7422	0
MSH6	2956	TP53	7157	0
MSH6	2956	TSC1	7248	0
MTOR	2475	PARP1	142	0
MTOR	2475	PBRM1	55193	0
MTOR	2475	PDGFRA	5156	0
MTOR	2475	PIK3R1	5295	0
MTOR	2475	PTEN	5728	0
MTOR	2475	SRC	6714	0
MTOR	2475	TP53	7157	0
MTOR	2475	TSC1	7248	0
MTOR	2475	TYMS	7298	0
MTOR	2475	VEGFA	7422	0
MTOR	2475	VHL	7428	0
MTOR	2475	WEE1	7465	0
MTOR	2475	NF1	4763	0
MTOR	2475	ROR1	4919	0
MTOR	2475	SETD2	29072	0
NF1	4763	PIK3CA	5290	0
NF1	4763	PTEN	5728	0
NF1	4763	ROR1	4919	0
NF1	4763	RUNX1	861	0
NF1	4763	TP53	7157	0
NF1	4763	TYMS	7298	0
NF1	4763	VEGFA	7422	0
NF1	4763	PARP1	142	0
PARP1	142	PDGFRA	5156	0
PARP1	142	PTEN	5728	0
PARP1	142	ROR1	4919	0
PARP1	142	RRM2	6241	0
PARP1	142	SETD2	29072	0
PARP1	142	SMARCB1	6598	0
PARP1	142	TP53	7157	0
PARP1	142	TSC1	7248	0
PARP1	142	VEGFA	7422	0
PARP1	142	VHL	7428	0
PARP1	142	WEE1	7465	0
PARP1	142	RB1	5925	0
PARP1	142	RUNX1	861	0
PARP1	142	SRC	6714	0
PBRM1	55193	PIK3CA	5290	0
PBRM1	55193	RB1	5925	0
PBRM1	55193	SETD2	29072	0
PBRM1	55193	SMARCA4	6597	0
PBRM1	55193	SMO	6608	0
PBRM1	55193	TP53	7157	0
PBRM1	55193	VEGFA	7422	0
PDGFRA	5156	PIK3R1	5295	0
PDGFRA	5156	PTEN	5728	0
PDGFRA	5156	ROR1	4919	0
PDGFRA	5156	RPS6KB1	6198	0
PDGFRA	5156	SMAD4	4089	0
PDGFRA	5156	TOP1	7150	0
PDGFRA	5156	TP53	7157	0
PDGFRA	5156	TSC1	7248	0
PDGFRA	5156	VEGFA	7422	0
PDGFRA	5156	WEE1	7465	0
PDGFRA	5156	PIK3CA	5290	0
PDGFRA	5156	TYMS	7298	0
PIK3CA	5290	PIK3R1	5295	0
PIK3CA	5290	RB1	5925	0
PIK3CA	5290	RPS6KB1	6198	0
PIK3CA	5290	SMAD4	4089	0
PIK3CA	5290	TP53	7157	0
PIK3CA	5290	TSC1	7248	0
PIK3CA	5290	VEGFA	7422	0
PIK3CA	5290	VHL	7428	0
PIK3CA	5290	ROR1	4919	0
PIK3CA	5290	SMO	6608	0
PIK3R1	5295	PTEN	5728	0
PIK3R1	5295	ROR1	4919	0
PIK3R1	5295	RPS6KB1	6198	0
PIK3R1	5295	RUNX1	861	0
PIK3R1	5295	SMAD4	4089	0
PIK3R1	5295	SMARCA4	6597	0
PIK3R1	5295	SMO	6608	0
PIK3R1	5295	TOP1	7150	0
PIK3R1	5295	TP53	7157	0
PIK3R1	5295	TSC1	7248	0
PIK3R1	5295	VEGFA	7422	0
PRKDC	5591	PTEN	5728	0
PRKDC	5591	RUNX1	861	0
PRKDC	5591	TOP1	7150	0
PRKDC	5591	TP53	7157	0
PRKDC	5591	ROR1	4919	0
PTEN	5728	RB1	5925	0
PTEN	5728	SETD2	29072	0
PTEN	5728	SMARCA4	6597	0
PTEN	5728	SMARCB1	6598	0
PTEN	5728	SMO	6608	0
PTEN	5728	TP53	7157	0
PTEN	5728	TSC1	7248	0
PTEN	5728	VEGFA	7422	0
RB1	5925	ROR1	4919	0
RB1	5925	RPS6KB1	6198	0
RB1	5925	RUNX1	861	0
RB1	5925	SMARCB1	6598	0
RB1	5925	SRC	6714	0
RB1	5925	TP53	7157	0
RB1	5925	VEGFA	7422	0
RB1	5925	WEE1	7465	0
RB1	5925	SMAD4	4089	0
RB1	5925	TYMS	7298	0
ROR1	4919	RPS6KB1	6198	0
ROR1	4919	SMAD4	4089	0
ROR1	4919	SMARCB1	6598	0
ROR1	4919	SMO	6608	0
ROR1	4919	TOP1	7150	0
ROR1	4919	TP53	7157	0
ROR1	4919	TSC1	7248	0
ROR1	4919	VEGFA	7422	0
RPS6KB1	6198	SMAD4	4089	0
RPS6KB1	6198	SMARCB1	6598	0
RPS6KB1	6198	TSC1	7248	0
RPS6KB1	6198	VEGFA	7422	0
RPS6KB1	6198	VHL	7428	0
RPS6KB1	6198	TP53	7157	0
RRM2	6241	RUNX1	861	0
RRM2	6241	SETD2	29072	0
RRM2	6241	SRC	6714	0
RRM2	6241	TP53	7157	0
RRM2	6241	TYMS	7298	0
RRM2	6241	SMAD4	4089	0
RUNX1	861	SETD2	29072	0
RUNX1	861	SMAD4	4089	0
RUNX1	861	SMARCB1	6598	0
RUNX1	861	SRC	6714	0
RUNX1	861	TP53	7157	0
RUNX1	861	TSC1	7248	0
RUNX1	861	TYMS	7298	0
RUNX1	861	WEE1	7465	0
SETD2	29072	SMAD4	4089	0
SETD2	29072	TP53	7157	0
SETD2	29072	WEE1	7465	0
SETD2	29072	SRC	6714	0
SMAD4	4089	SMARCA4	6597	0
SMAD4	4089	SMARCB1	6598	0
SMAD4	4089	TP53	7157	0
SMAD4	4089	TSC1	7248	0
SMAD4	4089	WEE1	7465	0
SMARCA4	6597	TP53	7157	0
SMARCA4	6597	TSC1	7248	0
SMARCA4	6597	WEE1	7465	0
SMARCB1	6598	TP53	7157	0
SMARCB1	6598	TYMS	7298	0
SMARCB1	6598	VHL	7428	0
SMARCB1	6598	TSC1	7248	0
SMO	6608	TP53	7157	0
SMO	6608	TSC1	7248	0
SMO	6608	TYMS	7298	0
SRC	6714	TP53	7157	0
SRC	6714	TSC1	7248	0
TOP1	7150	TP53	7157	0
TOP1	7150	TSC1	7248	0
TOP1	7150	VHL	7428	0
TP53	7157	TSC1	7248	0
TP53	7157	TYMS	7298	0
TP53	7157	VEGFA	7422	0
TP53	7157	VHL	7428	0
TP53	7157	WEE1	7465	0
TSC1	7248	TYMS	7298	0
TSC1	7248	WEE1	7465	0
TYMS	7298	VEGFA	7422	0
TYMS	7298	VHL	7428	0
TYMS	7298	WEE1	7465	0
VEGFA	7422	WEE1	7465	0
VHL	7428	WEE1	7465	0
ALDOA	226	ALDOB	229	0
ALDOA	226	FBP1	2203	0
ALDOA	226	GCK	2645	0
ALDOA	226	H6PD	9563	0
ALDOA	226	LDHAL6B	92483	0
ALDOA	226	LDHB	3945	0
ALDOA	226	ME1	4199	0
ALDOA	226	PDHA2	5161	0
ALDOA	226	PDHB	5162	0
ALDOA	226	PGLS	25796	0
ALDOA	226	RPE	6120	0
ALDOA	226	RPIA	22934	0
ALDOA	226	HK1	3098	0
ALDOB	229	DLAT	1737	0
ALDOB	229	ENO3	2027	0
ALDOB	229	FBP1	2203	0
ALDOB	229	FBP2	8789	0
ALDOB	229	G6PC	2538	0
ALDOB	229	G6PD	2539	0
ALDOB	229	HK1	3098	0
ALDOB	229	HK2	3099	0
ALDOB	229	HK3	3101	0
ALDOB	229	LDHA	3939	0
ALDOB	229	LDHAL6B	92483	0
ALDOB	229	LDHC	3948	0
ALDOB	229	PC	5091	0
ALDOB	229	PDHA2	5161	0
ALDOB	229	PFKM	5213	0
ALDOB	229	PGAM2	5224	0
ALDOB	229	PGLS	25796	0
ALDOB	229	PKLR	5313	0
ALDOB	229	RPE	6120	0
ALDOB	229	RPIA	22934	0
ALDOB	229	TALDO1	6888	0
ALDOB	229	TKT	7086	0
ALDOB	229	GOT1	2805	0
ALDOB	229	PDHB	5162	0
ALDOB	229	PGAM1	5223	0
ALDOC	230	G6PC	2538	0
ALDOC	230	G6PD	2539	0
ALDOC	230	GAPDH	2597	0
ALDOC	230	GOT1	2805	0
ALDOC	230	H6PD	9563	0
ALDOC	230	LDHA	3939	0
ALDOC	230	MDH1	4190	0
ALDOC	230	MDH2	4191	0
ALDOC	230	ME1	4199	0
ALDOC	230	ME2	4200	0
ALDOC	230	PC	5091	0
ALDOC	230	PGAM2	5224	0
ALDOC	230	PGD	5226	0
ALDOC	230	PKLR	5313	0
ALDOC	230	RPE	6120	0
ALDOC	230	RPIA	22934	0
ALDOC	230	FBP1	2203	0
ALDOC	230	LDHB	3945	0
ALDOC	230	PDHA2	5161	0
ALDOC	230	PDHX	8050	0
ALDOC	230	DLAT	1737	0
DLAT	1737	DLD	1738	0
DLAT	1737	G6PC	2538	0
DLAT	1737	GCK	2645	0
DLAT	1737	GOT1	2805	0
DLAT	1737	GOT2	2806	0
DLAT	1737	H6PD	9563	0
DLAT	1737	HK1	3098	0
DLAT	1737	LDHA	3939	0
DLAT	1737	LDHAL6B	92483	0
DLAT	1737	LDHC	3948	0
DLAT	1737	MDH2	4191	0
DLAT	1737	ME1	4199	0
DLAT	1737	PC	5091	0
DLAT	1737	PCK1	5105	0
DLAT	1737	PFKP	5214	0
DLAT	1737	PGAM1	5223	0
DLAT	1737	PGAM2	5224	0
DLAT	1737	PGK2	5232	0
DLAT	1737	PKLR	5313	0
DLAT	1737	RPIA	22934	0
DLAT	1737	TALDO1	6888	0
DLAT	1737	TPI1	7167	0
DLAT	1737	PGLS	25796	0
DLD	1738	ENO1	2023	0
DLD	1738	ENO2	2026	0
DLD	1738	FBP1	2203	0
DLD	1738	HK1	3098	0
DLD	1738	LDHB	3945	0
DLD	1738	MDH2	4191	0
DLD	1738	PCK1	5105	0
DLD	1738	PFKM	5213	0
DLD	1738	PGAM1	5223	0
DLD	1738	PGD	5226	0
DLD	1738	PKLR	5313	0
DLD	1738	RPIA	22934	0
DLD	1738	TPI1	7167	0
DLD	1738	PGAM2	5224	0
ENO1	2023	GCK	2645	0
ENO1	2023	GOT2	2806	0
ENO1	2023	HK3	3101	0
ENO1	2023	LDHC	3948	0
ENO1	2023	MDH2	4191	0
ENO1	2023	ME1	4199	0
ENO1	2023	PDHA1	5160	0
ENO1	2023	PGAM2	5224	0
ENO1	2023	PKLR	5313	0
ENO1	2023	LDHAL6B	92483	0
ENO2	2026	G6PC	2538	0
ENO2	2026	LDHC	3948	0
ENO2	2026	PCK1	5105	0
ENO2	2026	PFKL	5211	0
ENO2	2026	PGK1	5230	0
ENO2	2026	GOT1	2805	0
ENO3	2027	GCK	2645	0
ENO3	2027	H6PD	9563	0
ENO3	2027	HK1	3098	0
ENO3	2027	LDHA	3939	0
ENO3	2027	LDHAL6B	92483	0
ENO3	2027	LDHB	3945	0
ENO3	2027	LDHC	3948	0
ENO3	2027	MDH1	4190	0
ENO3	2027	ME1	4199	0
ENO3	2027	PC	5091	0
ENO3	2027	PCK1	5105	0
ENO3	2027	PDHA1	5160	0
ENO3	2027	PDHB	5162	0
ENO3	2027	PDHX	8050	0
ENO3	2027	PFKP	5214	0
ENO3	2027	PGAM2	5224	0
ENO3	2027	PGD	5226	0
ENO3	2027	PGK1	5230	0
ENO3	2027	PGLS	25796	0
ENO3	2027	PKLR	5313	0
FBP1	2203	G6PD	2539	0
FBP1	2203	GCK	2645	0
FBP1	2203	GOT1	2805	0
FBP1	2203	GOT2	2806	0
FBP1	2203	H6PD	9563	0
FBP1	2203	LDHA	3939	0
FBP1	2203	LDHAL6B	92483	0
FBP1	2203	LDHB	3945	0
FBP1	2203	LDHC	3948	0
FBP1	2203	MDH1	4190	0
FBP1	2203	MDH2	4191	0
FBP1	2203	ME1	4199	0
FBP1	2203	ME2	4200	0
FBP1	2203	PDHA1	5160	0
FBP1	2203	PDHA2	5161	0
FBP1	2203	PDHB	5162	0
FBP1	2203	PDHX	8050	0
FBP1	2203	PFKL	5211	0
FBP1	2203	PFKM	5213	0
FBP1	2203	PFKP	5214	0
FBP1	2203	PGK1	5230	0
FBP1	2203	PGK2	5232	0
FBP1	2203	PGLS	25796	0
FBP1	2203	PKLR	5313	0
FBP1	2203	PKM	5315	0
FBP1	2203	RPE	6120	0
FBP1	2203	RPIA	22934	0
FBP1	2203	TPI1	7167	0
FBP2	8789	GAPDHS	26330	0
FBP2	8789	GCK	2645	0
FBP2	8789	H6PD	9563	0
FBP2	8789	LDHA	3939	0
FBP2	8789	LDHB	3945	0
FBP2	8789	LDHC	3948	0
FBP2	8789	MDH1	4190	0
FBP2	8789	ME2	4200	0
FBP2	8789	PC	5091	0
FBP2	8789	PDHA1	5160	0
FBP2	8789	PDHA2	5161	0
FBP2	8789	PDHB	5162	0
FBP2	8789	PFKP	5214	0
FBP2	8789	PGAM2	5224	0
FBP2	8789	PGK2	5232	0
FBP2	8789	PKLR	5313	0
FBP2	8789	RPE	6120	0
G6PC	2538	G6PD	2539	0
G6PC	2538	GCK	2645	0
G6PC	2538	GOT2	2806	0
G6PC	2538	H6PD	9563	0
G6PC	2538	HK3	3101	0
G6PC	2538	LDHAL6B	92483	0
G6PC	2538	LDHC	3948	0
G6PC	2538	MDH1	4190	0
G6PC	2538	MDH2	4191	0
G6PC	2538	ME1	4199	0
G6PC	2538	ME2	4200	0
G6PC	2538	PDHB	5162	0
G6PC	2538	PDHX	8050	0
G6PC	2538	PFKP	5214	0
G6PC	2538	PGK2	5232	0
G6PC	2538	PKLR	5313	0
G6PC	2538	PFKM	5213	0
G6PC	2538	PGD	5226	0
G6PC	2538	RPE	6120	0
G6PD	2539	HK2	3099	0
G6PD	2539	MDH2	4191	0
G6PD	2539	PDHA1	5160	0
G6PD	2539	PFKM	5213	0
G6PD	2539	PGAM2	5224	0
G6PD	2539	PGD	5226	0
G6PD	2539	PGK1	5230	0
G6PD	2539	PGLS	25796	0
G6PD	2539	RPE	6120	0
G6PD	2539	RPIA	22934	0
G6PD	2539	TALDO1	6888	0
G6PD	2539	PCK1	5105	0
GAPDH	2597	PGD	5226	0
GAPDHS	26330	PGD	5226	0
GCK	2645	GOT1	2805	0
GCK	2645	GOT2	2806	0
GCK	2645	HK2	3099	0
GCK	2645	PC	5091	0
GCK	2645	PCK1	5105	0
GCK	2645	PFKP	5214	0
GCK	2645	PGAM1	5223	0
GCK	2645	PGAM2	5224	0
GCK	2645	PGD	5226	0
GCK	2645	PGLS	25796	0
GCK	2645	RPIA	22934	0
GCK	2645	TKT	7086	0
GCK	2645	MDH2	4191	0
GCK	2645	PDHX	8050	0
GCK	2645	RPE	6120	0
GCK	2645	TALDO1	6888	0
GOT1	2805	GOT2	2806	0
GOT1	2805	H6PD	9563	0
GOT1	2805	HK1	3098	0
GOT1	2805	HK2	3099	0
GOT1	2805	HK3	3101	0
GOT1	2805	LDHAL6B	92483	0
GOT1	2805	LDHB	3945	0
GOT1	2805	MDH1	4190	0
GOT1	2805	MDH2	4191	0
GOT1	2805	ME1	4199	0
GOT1	2805	ME2	4200	0
GOT1	2805	PDHA1	5160	0
GOT1	2805	PDHB	5162	0
GOT1	2805	PDHX	8050	0
GOT1	2805	PFKP	5214	0
GOT1	2805	PGAM2	5224	0
GOT1	2805	PKLR	5313	0
GOT1	2805	RPIA	22934	0
GOT1	2805	LDHA	3939	0
GOT1	2805	PGK2	5232	0
GOT2	2806	HK1	3098	0
GOT2	2806	LDHB	3945	0
GOT2	2806	LDHC	3948	0
GOT2	2806	MDH1	4190	0
GOT2	2806	MDH2	4191	0
GOT2	2806	ME1	4199	0
GOT2	2806	PDHA2	5161	0
GOT2	2806	PDHB	5162	0
GOT2	2806	PDHX	8050	0
GOT2	2806	PGAM2	5224	0
GOT2	2806	PGD	5226	0
GOT2	2806	PFKM	5213	0
GOT2	2806	RPIA	22934	0
GOT2	2806	TALDO1	6888	0
H6PD	9563	HK1	3098	0
H6PD	9563	HK2	3099	0
H6PD	9563	LDHA	3939	0
H6PD	9563	LDHAL6B	92483	0
H6PD	9563	LDHC	3948	0
H6PD	9563	MDH2	4191	0
H6PD	9563	PCK1	5105	0
H6PD	9563	PDHA1	5160	0
H6PD	9563	PFKM	5213	0
H6PD	9563	PFKP	5214	0
H6PD	9563	PGAM2	5224	0
H6PD	9563	PGK2	5232	0
H6PD	9563	PGLS	25796	0
H6PD	9563	PKLR	5313	0
H6PD	9563	RPE	6120	0
H6PD	9563	RPIA	22934	0
H6PD	9563	HK3	3101	0
H6PD	9563	ME1	4199	0
H6PD	9563	PC	5091	0
HK1	3098	HK2	3099	0
HK1	3098	LDHAL6B	92483	0
HK1	3098	LDHB	3945	0
HK1	3098	LDHC	3948	0
HK1	3098	MDH1	4190	0
HK1	3098	ME1	4199	0
HK1	3098	ME2	4200	0
HK1	3098	PC	5091	0
HK1	3098	PCK1	5105	0
HK1	3098	PDHX	8050	0
HK1	3098	PFKL	5211	0
HK1	3098	PFKM	5213	0
HK1	3098	PGK2	5232	0
HK1	3098	PGLS	25796	0
HK1	3098	RPE	6120	0
HK1	3098	PGAM1	5223	0
HK1	3098	PGD	5226	0
HK1	3098	PKLR	5313	0
FBP2	8789	HK2	3099	0
HK2	3099	HK3	3101	0
HK2	3099	LDHAL6B	92483	0
HK2	3099	LDHB	3945	0
HK2	3099	MDH1	4190	0
HK2	3099	MDH2	4191	0
HK2	3099	ME2	4200	0
HK2	3099	PC	5091	0
HK2	3099	PDHA1	5160	0
HK2	3099	PDHA2	5161	0
HK2	3099	PDHB	5162	0
HK2	3099	PDHX	8050	0
HK2	3099	PFKP	5214	0
HK2	3099	PGAM2	5224	0
HK2	3099	PGLS	25796	0
HK2	3099	PKLR	5313	0
HK2	3099	RPIA	22934	0
HK2	3099	TPI1	7167	0
HK2	3099	ME1	4199	0
HK2	3099	PGK2	5232	0
HK3	3101	LDHAL6B	92483	0
HK3	3101	LDHB	3945	0
HK3	3101	MDH2	4191	0
HK3	3101	ME1	4199	0
HK3	3101	PC	5091	0
HK3	3101	PDHA2	5161	0
HK3	3101	PDHB	5162	0
HK3	3101	PFKM	5213	0
HK3	3101	PFKP	5214	0
HK3	3101	PGAM1	5223	0
HK3	3101	PGAM2	5224	0
HK3	3101	PGD	5226	0
HK3	3101	RPE	6120	0
HK3	3101	RPIA	22934	0
LDHA	3939	LDHC	3948	0
LDHA	3939	MDH2	4191	0
LDHA	3939	PDHA1	5160	0
LDHA	3939	PGD	5226	0
LDHA	3939	PKM	5315	0
LDHA	3939	RPE	6120	0
LDHA	3939	TPI1	7167	0
LDHA	3939	PFKP	5214	0
LDHAL6B	92483	LDHC	3948	0
LDHAL6B	92483	MDH2	4191	0
LDHAL6B	92483	PC	5091	0
LDHAL6B	92483	PCK1	5105	0
LDHAL6B	92483	PDHX	8050	0
LDHAL6B	92483	PFKL	5211	0
LDHAL6B	92483	PGAM1	5223	0
LDHAL6B	92483	PGAM2	5224	0
LDHAL6B	92483	PGK1	5230	0
LDHAL6B	92483	PGLS	25796	0
LDHAL6B	92483	PKM	5315	0
LDHAL6B	92483	RPIA	22934	0
LDHAL6B	92483	TALDO1	6888	0
LDHAL6B	92483	TKT	7086	0
LDHB	3945	PC	5091	0
LDHB	3945	PCK1	5105	0
LDHB	3945	PDHA1	5160	0
LDHB	3945	PFKP	5214	0
LDHB	3945	PGAM2	5224	0
LDHB	3945	PGK1	5230	0
LDHB	3945	PGLS	25796	0
LDHB	3945	PKM	5315	0
LDHB	3945	RPE	6120	0
LDHB	3945	RPIA	22934	0
LDHB	3945	TKT	7086	0
LDHB	3945	TPI1	7167	0
LDHC	3948	MDH1	4190	0
LDHC	3948	MDH2	4191	0
LDHC	3948	ME2	4200	0
LDHC	3948	PC	5091	0
LDHC	3948	PCK1	5105	0
LDHC	3948	PDHA2	5161	0
LDHC	3948	PDHB	5162	0
LDHC	3948	PDHX	8050	0
LDHC	3948	PFKL	5211	0
LDHC	3948	PGK1	5230	0
LDHC	3948	PGLS	25796	0
LDHC	3948	PKLR	5313	0
LDHC	3948	RPE	6120	0
LDHC	3948	TPI1	7167	0
MDH1	4190	MDH2	4191	0
MDH1	4190	ME1	4199	0
MDH1	4190	ME2	4200	0
MDH1	4190	PC	5091	0
MDH1	4190	PCK1	5105	0
MDH1	4190	PDHA1	5160	0
MDH1	4190	PDHA2	5161	0
MDH1	4190	PDHB	5162	0
MDH1	4190	PDHX	8050	0
MDH1	4190	PFKL	5211	0
MDH1	4190	PGAM1	5223	0
MDH1	4190	PGAM2	5224	0
MDH1	4190	PGK1	5230	0
MDH1	4190	PGLS	25796	0
MDH1	4190	RPE	6120	0
MDH1	4190	TALDO1	6888	0
MDH1	4190	TPI1	7167	0
MDH2	4191	ME1	4199	0
MDH2	4191	ME2	4200	0
MDH2	4191	PDHA1	5160	0
MDH2	4191	PDHA2	5161	0
MDH2	4191	PDHB	5162	0
MDH2	4191	PDHX	8050	0
MDH2	4191	PFKL	5211	0
MDH2	4191	PFKM	5213	0
MDH2	4191	PFKP	5214	0
MDH2	4191	PGAM1	5223	0
MDH2	4191	PGK1	5230	0
MDH2	4191	PGK2	5232	0
MDH2	4191	PGLS	25796	0
MDH2	4191	PKLR	5313	0
MDH2	4191	RPE	6120	0
MDH2	4191	TPI1	7167	0
ME1	4199	PC	5091	0
ME1	4199	PCK1	5105	0
ME1	4199	PDHA1	5160	0
ME1	4199	PDHA2	5161	0
ME1	4199	PFKL	5211	0
ME1	4199	PFKP	5214	0
ME1	4199	PGD	5226	0
ME1	4199	PGLS	25796	0
ME1	4199	PKM	5315	0
ME1	4199	RPE	6120	0
ME1	4199	RPIA	22934	0
ME1	4199	TALDO1	6888	0
ME1	4199	TKT	7086	0
ME1	4199	TPI1	7167	0
ME2	4200	PC	5091	0
ME2	4200	PCK1	5105	0
ME2	4200	PDHA2	5161	0
ME2	4200	PFKL	5211	0
ME2	4200	PGAM2	5224	0
ME2	4200	PGD	5226	0
ME2	4200	PGK1	5230	0
ME2	4200	PKM	5315	0
ME2	4200	RPIA	22934	0
ME2	4200	TALDO1	6888	0
ME2	4200	TPI1	7167	0
PC	5091	PDHA1	5160	0
PC	5091	PDHB	5162	0
PC	5091	PDHX	8050	0
PC	5091	PFKL	5211	0
PC	5091	PFKM	5213	0
PC	5091	PFKP	5214	0
PC	5091	PGAM2	5224	0
PC	5091	PGK2	5232	0
PC	5091	PGLS	25796	0
PC	5091	PKLR	5313	0
PC	5091	RPIA	22934	0
PC	5091	TKT	7086	0
PC	5091	PDHA2	5161	0
PCK1	5105	PDHA2	5161	0
PCK1	5105	PDHB	5162	0
PCK1	5105	PDHX	8050	0
PCK1	5105	PFKP	5214	0
PCK1	5105	PGD	5226	0
PCK1	5105	PKLR	5313	0
PCK1	5105	TPI1	7167	0
PDHA1	5160	PDHB	5162	0
PDHA1	5160	PDHX	8050	0
PDHA1	5160	PFKP	5214	0
PDHA1	5160	PGAM2	5224	0
PDHA1	5160	PGD	5226	0
PDHA1	5160	PGK1	5230	0
PDHA1	5160	PKLR	5313	0
PDHA1	5160	RPE	6120	0
PDHA1	5160	TALDO1	6888	0
PDHA2	5161	PFKP	5214	0
PDHA2	5161	PGAM2	5224	0
PDHA2	5161	PGLS	25796	0
PDHA2	5161	RPE	6120	0
PDHA2	5161	RPIA	22934	0
PDHA2	5161	TALDO1	6888	0
PDHA2	5161	TKT	7086	0
PDHA2	5161	TPI1	7167	0
PDHB	5162	PDHX	8050	0
PDHB	5162	PFKL	5211	0
PDHB	5162	PGAM2	5224	0
PDHB	5162	PGD	5226	0
PDHB	5162	PGK1	5230	0
PDHB	5162	PGLS	25796	0
PDHB	5162	RPIA	22934	0
PDHB	5162	TALDO1	6888	0
PDHB	5162	RPE	6120	0
PDHX	8050	PFKL	5211	0
PDHX	8050	PFKP	5214	0
PDHX	8050	PGAM1	5223	0
PDHX	8050	PGAM2	5224	0
PDHX	8050	PGD	5226	0
PDHX	8050	PGK1	5230	0
PDHX	8050	PGK2	5232	0
PDHX	8050	PGLS	25796	0
PDHX	8050	RPE	6120	0
PDHX	8050	RPIA	22934	0
PDHX	8050	TALDO1	6888	0
PDHX	8050	TPI1	7167	0
PFKL	5211	PGK1	5230	0
PFKL	5211	TALDO1	6888	0
PFKL	5211	RPE	6120	0
PFKM	5213	PGK1	5230	0
PFKM	5213	RPE	6120	0
PFKM	5213	TALDO1	6888	0
PFKP	5214	PGAM1	5223	0
PFKP	5214	PGK1	5230	0
PFKP	5214	PKLR	5313	0
PFKP	5214	RPE	6120	0
PGAM1	5223	PGD	5226	0
PGAM1	5223	PGLS	25796	0
PGAM1	5223	PKLR	5313	0
PGAM1	5223	RPIA	22934	0
PGAM2	5224	PGK2	5232	0
PGAM2	5224	PKLR	5313	0
PGD	5226	PGK2	5232	0
PGD	5226	PKLR	5313	0
PGK1	5230	PKLR	5313	0
PGK1	5230	RPE	6120	0
PGK1	5230	RPIA	22934	0
PGK1	5230	TALDO1	6888	0
PGK2	5232	PKM	5315	0
PGK2	5232	RPE	6120	0
PGK2	5232	TALDO1	6888	0
PGK2	5232	TKT	7086	0
PGK2	5232	TPI1	7167	0
PGLS	25796	PKLR	5313	0
PGLS	25796	RPE	6120	0
PGLS	25796	RPIA	22934	0
PKLR	5313	RPE	6120	0
PKLR	5313	RPIA	22934	0
PKLR	5313	TALDO1	6888	0
PKLR	5313	TPI1	7167	0
PKM	5315	TPI1	7167	0
PKM	5315	RPE	6120	0
RPE	6120	RPIA	22934	0
RPE	6120	TPI1	7167	0
RPIA	22934	TPI1	7167	0
